-- phpMyAdmin SQL Dump
-- version 4.9.5deb2
-- https://www.phpmyadmin.net/
--
-- Host: localhost:3306
-- Generation Time: Jul 17, 2023 at 12:57 AM
-- Server version: 8.0.33-0ubuntu0.20.04.2
-- PHP Version: 8.1.7

SET SQL_MODE = "NO_AUTO_VALUE_ON_ZERO";
SET AUTOCOMMIT = 0;
START TRANSACTION;
SET time_zone = "+00:00";


/*!40101 SET @OLD_CHARACTER_SET_CLIENT=@@CHARACTER_SET_CLIENT */;
/*!40101 SET @OLD_CHARACTER_SET_RESULTS=@@CHARACTER_SET_RESULTS */;
/*!40101 SET @OLD_COLLATION_CONNECTION=@@COLLATION_CONNECTION */;
/*!40101 SET NAMES utf8mb4 */;

--
-- Database: `db_rapot_digital`
--

-- --------------------------------------------------------

--
-- Table structure for table `tb_absensi`
--

CREATE TABLE `tb_absensi` (
  `id` int NOT NULL,
  `nis` int NOT NULL,
  `id_semester` int NOT NULL,
  `s` int NOT NULL,
  `i` int NOT NULL,
  `a` int NOT NULL
) ENGINE=InnoDB DEFAULT CHARSET=utf8mb4 COLLATE=utf8mb4_0900_ai_ci;

--
-- Dumping data for table `tb_absensi`
--

INSERT INTO `tb_absensi` (`id`, `nis`, `id_semester`, `s`, `i`, `a`) VALUES
(7, 236401001, 1, 0, 0, 0),
(8, 236401001, 2, 0, 0, 0),
(9, 236401002, 1, 0, 0, 0),
(10, 236401002, 2, 0, 0, 0),
(11, 236401003, 1, 0, 0, 0),
(12, 236401003, 2, 0, 0, 0),
(13, 236401004, 1, 0, 0, 0),
(14, 236401004, 2, 0, 0, 0),
(15, 236401005, 1, 0, 0, 0),
(16, 236401005, 2, 0, 0, 0),
(17, 236401006, 1, 0, 0, 0),
(18, 236401006, 2, 0, 0, 0),
(19, 236401007, 1, 0, 0, 0),
(20, 236401007, 2, 0, 0, 0),
(21, 236401008, 1, 0, 0, 0),
(22, 236401008, 2, 0, 0, 0),
(23, 11223344, 1, 0, 0, 0),
(24, 11223344, 2, 0, 0, 0),
(25, 22548568, 1, 0, 0, 0),
(26, 22548568, 2, 0, 0, 0),
(27, 236401009, 1, 0, 0, 0),
(28, 236401009, 2, 0, 0, 0),
(29, 236401010, 1, 0, 0, 0),
(30, 236401010, 2, 0, 0, 0),
(31, 236401011, 1, 0, 0, 0),
(32, 236401011, 2, 0, 0, 0),
(33, 236401012, 1, 0, 0, 0),
(34, 236401012, 2, 0, 0, 0),
(35, 236401012, 1, 0, 0, 0),
(36, 236401012, 2, 0, 0, 0),
(37, 236401012, 1, 0, 0, 0),
(38, 236401012, 2, 0, 0, 0);

-- --------------------------------------------------------

--
-- Table structure for table `tb_guru`
--

CREATE TABLE `tb_guru` (
  `nip` int NOT NULL,
  `username` varchar(255) NOT NULL,
  `password` varchar(55) NOT NULL,
  `nama_guru` varchar(255) NOT NULL
) ENGINE=InnoDB DEFAULT CHARSET=utf8mb4 COLLATE=utf8mb4_0900_ai_ci;

--
-- Dumping data for table `tb_guru`
--

INSERT INTO `tb_guru` (`nip`, `username`, `password`, `nama_guru`) VALUES
(3213422, 'rere', '25d55ad283aa400af464c76d713c07ad', 'dede'),
(32421234, 'ade', '25d55ad283aa400af464c76d713c07ad', 'ade'),
(2147483647, 'qwe', '25d55ad283aa400af464c76d713c07ad', 'qwe'),
(32312444, 'adi', '25d55ad283aa400af464c76d713c07ad', 'adi');

-- --------------------------------------------------------

--
-- Table structure for table `tb_guru_mapel`
--

CREATE TABLE `tb_guru_mapel` (
  `id_guru_mapel` int NOT NULL,
  `nip` int NOT NULL,
  `id_mapel` int NOT NULL
) ENGINE=InnoDB DEFAULT CHARSET=utf8mb4 COLLATE=utf8mb4_0900_ai_ci;

--
-- Dumping data for table `tb_guru_mapel`
--

INSERT INTO `tb_guru_mapel` (`id_guru_mapel`, `nip`, `id_mapel`) VALUES
(1, 3213422, 5),
(2, 3213422, 10),
(3, 32421234, 3),
(4, 2147483647, 8),
(5, 2147483647, 9),
(6, 32312444, 4);

-- --------------------------------------------------------

--
-- Table structure for table `tb_jenis`
--

CREATE TABLE `tb_jenis` (
  `id_jenis` int NOT NULL,
  `nama_ujian` varchar(50) NOT NULL
) ENGINE=InnoDB DEFAULT CHARSET=utf8mb4 COLLATE=utf8mb4_0900_ai_ci;

--
-- Dumping data for table `tb_jenis`
--

INSERT INTO `tb_jenis` (`id_jenis`, `nama_ujian`) VALUES
(1, 'UH 1'),
(2, 'UH 2'),
(3, 'UH 3'),
(4, 'UH 4'),
(5, 'UH 5 '),
(6, 'UH 6'),
(7, 'UH 7'),
(8, 'UH 8'),
(9, 'UTS GANJIL'),
(10, 'UAS GANJIL'),
(11, 'UTS GENAP'),
(12, 'UKK');

-- --------------------------------------------------------

--
-- Table structure for table `tb_jenisupd`
--

CREATE TABLE `tb_jenisupd` (
  `id_upd` int NOT NULL,
  `nama_upd` varchar(50) NOT NULL
) ENGINE=InnoDB DEFAULT CHARSET=utf8mb4 COLLATE=utf8mb4_0900_ai_ci;

--
-- Dumping data for table `tb_jenisupd`
--

INSERT INTO `tb_jenisupd` (`id_upd`, `nama_upd`) VALUES
(1, 'Paskibra'),
(2, 'Basket'),
(3, 'Voli'),
(4, 'Android'),
(5, 'Catur');

-- --------------------------------------------------------

--
-- Table structure for table `tb_jenpel`
--

CREATE TABLE `tb_jenpel` (
  `id_jenpel` int NOT NULL,
  `jenpel` varchar(55) NOT NULL
) ENGINE=InnoDB DEFAULT CHARSET=utf8mb4 COLLATE=utf8mb4_0900_ai_ci;

--
-- Dumping data for table `tb_jenpel`
--

INSERT INTO `tb_jenpel` (`id_jenpel`, `jenpel`) VALUES
(1, 'Normatif'),
(2, 'Adaptif'),
(3, 'Produktif');

-- --------------------------------------------------------

--
-- Table structure for table `tb_kategori`
--

CREATE TABLE `tb_kategori` (
  `id_kategori` int NOT NULL,
  `nama_kategori` varchar(50) NOT NULL
) ENGINE=InnoDB DEFAULT CHARSET=utf8mb4 COLLATE=utf8mb4_0900_ai_ci;

--
-- Dumping data for table `tb_kategori`
--

INSERT INTO `tb_kategori` (`id_kategori`, `nama_kategori`) VALUES
(1, 'Pengetahuan'),
(2, 'Keterampilan');

-- --------------------------------------------------------

--
-- Table structure for table `tb_kepsek`
--

CREATE TABLE `tb_kepsek` (
  `id_kepsek` int NOT NULL,
  `username` varchar(50) NOT NULL,
  `password` varchar(50) NOT NULL,
  `nama_kepsek` varchar(50) CHARACTER SET utf8mb4 COLLATE utf8mb4_0900_ai_ci NOT NULL
) ENGINE=InnoDB DEFAULT CHARSET=utf8mb4 COLLATE=utf8mb4_0900_ai_ci;

--
-- Dumping data for table `tb_kepsek`
--

INSERT INTO `tb_kepsek` (`id_kepsek`, `username`, `password`, `nama_kepsek`) VALUES
(1, 'kepsek', '25d55ad283aa400af464c76d713c07ad', 'Handayani');

-- --------------------------------------------------------

--
-- Table structure for table `tb_mapel`
--

CREATE TABLE `tb_mapel` (
  `id_mapel` int NOT NULL,
  `mapel` varchar(50) NOT NULL,
  `id_jenpel` int NOT NULL
) ENGINE=InnoDB DEFAULT CHARSET=utf8mb4 COLLATE=utf8mb4_0900_ai_ci;

--
-- Dumping data for table `tb_mapel`
--

INSERT INTO `tb_mapel` (`id_mapel`, `mapel`, `id_jenpel`) VALUES
(1, 'Pendidikan Agama Islam', 2),
(2, 'PPKN', 1),
(3, 'B. Indonesia', 1),
(4, 'Matematika', 2),
(5, 'Kewirausahaan', 2),
(6, 'B. Inggris', 1),
(7, 'Rekayasa Perangkat Lunak', 3),
(8, 'Pemograman', 3),
(9, 'OOP', 3),
(10, 'tes', 1);

-- --------------------------------------------------------

--
-- Table structure for table `tb_nilai`
--

CREATE TABLE `tb_nilai` (
  `id` int NOT NULL,
  `id_mapel` int NOT NULL,
  `id_jenis` int NOT NULL,
  `id_kategori` int NOT NULL,
  `nis` int NOT NULL,
  `nilai` float NOT NULL
) ENGINE=InnoDB DEFAULT CHARSET=utf8mb4 COLLATE=utf8mb4_0900_ai_ci;

--
-- Dumping data for table `tb_nilai`
--

INSERT INTO `tb_nilai` (`id`, `id_mapel`, `id_jenis`, `id_kategori`, `nis`, `nilai`) VALUES
(1, 1, 1, 1, 236401001, 80),
(2, 1, 1, 2, 236401001, 90),
(3, 2, 1, 1, 236401001, 90),
(4, 2, 1, 2, 236401001, 0),
(5, 3, 1, 1, 236401001, 0),
(6, 3, 1, 2, 236401001, 0),
(7, 4, 1, 1, 236401001, 0),
(8, 4, 1, 2, 236401001, 0),
(9, 5, 1, 1, 236401001, 0),
(10, 5, 1, 2, 236401001, 0),
(11, 6, 1, 1, 236401001, 0),
(12, 6, 1, 2, 236401001, 0),
(13, 7, 1, 1, 236401001, 0),
(14, 7, 1, 2, 236401001, 0),
(15, 1, 2, 1, 236401001, 0),
(16, 1, 2, 2, 236401001, 0),
(17, 2, 2, 1, 236401001, 0),
(18, 2, 2, 2, 236401001, 0),
(19, 3, 2, 1, 236401001, 0),
(20, 3, 2, 2, 236401001, 0),
(21, 4, 2, 1, 236401001, 0),
(22, 4, 2, 2, 236401001, 0),
(23, 5, 2, 1, 236401001, 0),
(24, 5, 2, 2, 236401001, 0),
(25, 6, 2, 1, 236401001, 0),
(26, 6, 2, 2, 236401001, 0),
(27, 7, 2, 1, 236401001, 0),
(28, 7, 2, 2, 236401001, 0),
(29, 1, 3, 1, 236401001, 0),
(30, 1, 3, 2, 236401001, 0),
(31, 2, 3, 1, 236401001, 0),
(32, 2, 3, 2, 236401001, 0),
(33, 3, 3, 1, 236401001, 0),
(34, 3, 3, 2, 236401001, 0),
(35, 4, 3, 1, 236401001, 0),
(36, 4, 3, 2, 236401001, 0),
(37, 5, 3, 1, 236401001, 0),
(38, 5, 3, 2, 236401001, 0),
(39, 6, 3, 1, 236401001, 0),
(40, 6, 3, 2, 236401001, 0),
(41, 7, 3, 1, 236401001, 0),
(42, 7, 3, 2, 236401001, 0),
(43, 1, 4, 1, 236401001, 0),
(44, 1, 4, 2, 236401001, 0),
(45, 2, 4, 1, 236401001, 0),
(46, 2, 4, 2, 236401001, 0),
(47, 3, 4, 1, 236401001, 0),
(48, 3, 4, 2, 236401001, 0),
(49, 4, 4, 1, 236401001, 0),
(50, 4, 4, 2, 236401001, 0),
(51, 5, 4, 1, 236401001, 0),
(52, 5, 4, 2, 236401001, 0),
(53, 6, 4, 1, 236401001, 0),
(54, 6, 4, 2, 236401001, 0),
(55, 7, 4, 1, 236401001, 0),
(56, 7, 4, 2, 236401001, 0),
(57, 1, 5, 1, 236401001, 0),
(58, 1, 5, 2, 236401001, 0),
(59, 2, 5, 1, 236401001, 0),
(60, 2, 5, 2, 236401001, 0),
(61, 3, 5, 1, 236401001, 0),
(62, 3, 5, 2, 236401001, 0),
(63, 4, 5, 1, 236401001, 0),
(64, 4, 5, 2, 236401001, 0),
(65, 5, 5, 1, 236401001, 0),
(66, 5, 5, 2, 236401001, 0),
(67, 6, 5, 1, 236401001, 0),
(68, 6, 5, 2, 236401001, 0),
(69, 7, 5, 1, 236401001, 0),
(70, 7, 5, 2, 236401001, 0),
(71, 1, 6, 1, 236401001, 0),
(72, 1, 6, 2, 236401001, 0),
(73, 2, 6, 1, 236401001, 0),
(74, 2, 6, 2, 236401001, 0),
(75, 3, 6, 1, 236401001, 0),
(76, 3, 6, 2, 236401001, 0),
(77, 4, 6, 1, 236401001, 0),
(78, 4, 6, 2, 236401001, 0),
(79, 5, 6, 1, 236401001, 0),
(80, 5, 6, 2, 236401001, 0),
(81, 6, 6, 1, 236401001, 0),
(82, 6, 6, 2, 236401001, 0),
(83, 7, 6, 1, 236401001, 0),
(84, 7, 6, 2, 236401001, 0),
(85, 1, 7, 1, 236401001, 0),
(86, 1, 7, 2, 236401001, 0),
(87, 2, 7, 1, 236401001, 0),
(88, 2, 7, 2, 236401001, 0),
(89, 3, 7, 1, 236401001, 0),
(90, 3, 7, 2, 236401001, 0),
(91, 4, 7, 1, 236401001, 0),
(92, 4, 7, 2, 236401001, 0),
(93, 5, 7, 1, 236401001, 0),
(94, 5, 7, 2, 236401001, 0),
(95, 6, 7, 1, 236401001, 0),
(96, 6, 7, 2, 236401001, 0),
(97, 7, 7, 1, 236401001, 0),
(98, 7, 7, 2, 236401001, 0),
(99, 1, 8, 1, 236401001, 0),
(100, 1, 8, 2, 236401001, 0),
(101, 2, 8, 1, 236401001, 0),
(102, 2, 8, 2, 236401001, 0),
(103, 3, 8, 1, 236401001, 0),
(104, 3, 8, 2, 236401001, 0),
(105, 4, 8, 1, 236401001, 0),
(106, 4, 8, 2, 236401001, 0),
(107, 5, 8, 1, 236401001, 0),
(108, 5, 8, 2, 236401001, 0),
(109, 6, 8, 1, 236401001, 0),
(110, 6, 8, 2, 236401001, 0),
(111, 7, 8, 1, 236401001, 0),
(112, 7, 8, 2, 236401001, 0),
(113, 1, 9, 1, 236401001, 0),
(114, 1, 9, 2, 236401001, 0),
(115, 2, 9, 1, 236401001, 0),
(116, 2, 9, 2, 236401001, 0),
(117, 3, 9, 1, 236401001, 0),
(118, 3, 9, 2, 236401001, 0),
(119, 4, 9, 1, 236401001, 0),
(120, 4, 9, 2, 236401001, 0),
(121, 5, 9, 1, 236401001, 0),
(122, 5, 9, 2, 236401001, 0),
(123, 6, 9, 1, 236401001, 0),
(124, 6, 9, 2, 236401001, 0),
(125, 7, 9, 1, 236401001, 0),
(126, 7, 9, 2, 236401001, 0),
(127, 1, 10, 1, 236401001, 0),
(128, 1, 10, 2, 236401001, 0),
(129, 2, 10, 1, 236401001, 0),
(130, 2, 10, 2, 236401001, 0),
(131, 3, 10, 1, 236401001, 0),
(132, 3, 10, 2, 236401001, 0),
(133, 4, 10, 1, 236401001, 0),
(134, 4, 10, 2, 236401001, 0),
(135, 5, 10, 1, 236401001, 0),
(136, 5, 10, 2, 236401001, 0),
(137, 6, 10, 1, 236401001, 0),
(138, 6, 10, 2, 236401001, 0),
(139, 7, 10, 1, 236401001, 0),
(140, 7, 10, 2, 236401001, 0),
(141, 1, 11, 1, 236401001, 0),
(142, 1, 11, 2, 236401001, 0),
(143, 2, 11, 1, 236401001, 0),
(144, 2, 11, 2, 236401001, 0),
(145, 3, 11, 1, 236401001, 0),
(146, 3, 11, 2, 236401001, 0),
(147, 4, 11, 1, 236401001, 0),
(148, 4, 11, 2, 236401001, 0),
(149, 5, 11, 1, 236401001, 0),
(150, 5, 11, 2, 236401001, 0),
(151, 6, 11, 1, 236401001, 0),
(152, 6, 11, 2, 236401001, 0),
(153, 7, 11, 1, 236401001, 0),
(154, 7, 11, 2, 236401001, 0),
(155, 1, 12, 1, 236401001, 0),
(156, 1, 12, 2, 236401001, 0),
(157, 2, 12, 1, 236401001, 0),
(158, 2, 12, 2, 236401001, 0),
(159, 3, 12, 1, 236401001, 0),
(160, 3, 12, 2, 236401001, 0),
(161, 4, 12, 1, 236401001, 0),
(162, 4, 12, 2, 236401001, 0),
(163, 5, 12, 1, 236401001, 0),
(164, 5, 12, 2, 236401001, 0),
(165, 6, 12, 1, 236401001, 0),
(166, 6, 12, 2, 236401001, 0),
(167, 7, 12, 1, 236401001, 0),
(168, 7, 12, 2, 236401001, 0),
(169, 1, 1, 1, 236401002, 0),
(170, 1, 1, 2, 236401002, 0),
(171, 2, 1, 1, 236401002, 0),
(172, 2, 1, 2, 236401002, 0),
(173, 3, 1, 1, 236401002, 0),
(174, 3, 1, 2, 236401002, 0),
(175, 4, 1, 1, 236401002, 0),
(176, 4, 1, 2, 236401002, 0),
(177, 5, 1, 1, 236401002, 0),
(178, 5, 1, 2, 236401002, 0),
(179, 6, 1, 1, 236401002, 0),
(180, 6, 1, 2, 236401002, 0),
(181, 7, 1, 1, 236401002, 0),
(182, 7, 1, 2, 236401002, 0),
(183, 1, 2, 1, 236401002, 0),
(184, 1, 2, 2, 236401002, 0),
(185, 2, 2, 1, 236401002, 0),
(186, 2, 2, 2, 236401002, 0),
(187, 3, 2, 1, 236401002, 0),
(188, 3, 2, 2, 236401002, 0),
(189, 4, 2, 1, 236401002, 0),
(190, 4, 2, 2, 236401002, 0),
(191, 5, 2, 1, 236401002, 0),
(192, 5, 2, 2, 236401002, 0),
(193, 6, 2, 1, 236401002, 0),
(194, 6, 2, 2, 236401002, 0),
(195, 7, 2, 1, 236401002, 0),
(196, 7, 2, 2, 236401002, 0),
(197, 1, 3, 1, 236401002, 0),
(198, 1, 3, 2, 236401002, 0),
(199, 2, 3, 1, 236401002, 0),
(200, 2, 3, 2, 236401002, 0),
(201, 3, 3, 1, 236401002, 0),
(202, 3, 3, 2, 236401002, 0),
(203, 4, 3, 1, 236401002, 0),
(204, 4, 3, 2, 236401002, 0),
(205, 5, 3, 1, 236401002, 0),
(206, 5, 3, 2, 236401002, 0),
(207, 6, 3, 1, 236401002, 0),
(208, 6, 3, 2, 236401002, 0),
(209, 7, 3, 1, 236401002, 0),
(210, 7, 3, 2, 236401002, 0),
(211, 1, 4, 1, 236401002, 0),
(212, 1, 4, 2, 236401002, 0),
(213, 2, 4, 1, 236401002, 0),
(214, 2, 4, 2, 236401002, 0),
(215, 3, 4, 1, 236401002, 0),
(216, 3, 4, 2, 236401002, 0),
(217, 4, 4, 1, 236401002, 0),
(218, 4, 4, 2, 236401002, 0),
(219, 5, 4, 1, 236401002, 0),
(220, 5, 4, 2, 236401002, 0),
(221, 6, 4, 1, 236401002, 0),
(222, 6, 4, 2, 236401002, 0),
(223, 7, 4, 1, 236401002, 0),
(224, 7, 4, 2, 236401002, 0),
(225, 1, 5, 1, 236401002, 0),
(226, 1, 5, 2, 236401002, 0),
(227, 2, 5, 1, 236401002, 0),
(228, 2, 5, 2, 236401002, 0),
(229, 3, 5, 1, 236401002, 0),
(230, 3, 5, 2, 236401002, 0),
(231, 4, 5, 1, 236401002, 0),
(232, 4, 5, 2, 236401002, 0),
(233, 5, 5, 1, 236401002, 0),
(234, 5, 5, 2, 236401002, 0),
(235, 6, 5, 1, 236401002, 0),
(236, 6, 5, 2, 236401002, 0),
(237, 7, 5, 1, 236401002, 0),
(238, 7, 5, 2, 236401002, 0),
(239, 1, 6, 1, 236401002, 0),
(240, 1, 6, 2, 236401002, 0),
(241, 2, 6, 1, 236401002, 0),
(242, 2, 6, 2, 236401002, 0),
(243, 3, 6, 1, 236401002, 0),
(244, 3, 6, 2, 236401002, 0),
(245, 4, 6, 1, 236401002, 0),
(246, 4, 6, 2, 236401002, 0),
(247, 5, 6, 1, 236401002, 0),
(248, 5, 6, 2, 236401002, 0),
(249, 6, 6, 1, 236401002, 0),
(250, 6, 6, 2, 236401002, 0),
(251, 7, 6, 1, 236401002, 0),
(252, 7, 6, 2, 236401002, 0),
(253, 1, 7, 1, 236401002, 0),
(254, 1, 7, 2, 236401002, 0),
(255, 2, 7, 1, 236401002, 0),
(256, 2, 7, 2, 236401002, 0),
(257, 3, 7, 1, 236401002, 0),
(258, 3, 7, 2, 236401002, 0),
(259, 4, 7, 1, 236401002, 0),
(260, 4, 7, 2, 236401002, 0),
(261, 5, 7, 1, 236401002, 0),
(262, 5, 7, 2, 236401002, 0),
(263, 6, 7, 1, 236401002, 0),
(264, 6, 7, 2, 236401002, 0),
(265, 7, 7, 1, 236401002, 0),
(266, 7, 7, 2, 236401002, 0),
(267, 1, 8, 1, 236401002, 0),
(268, 1, 8, 2, 236401002, 0),
(269, 2, 8, 1, 236401002, 0),
(270, 2, 8, 2, 236401002, 0),
(271, 3, 8, 1, 236401002, 0),
(272, 3, 8, 2, 236401002, 0),
(273, 4, 8, 1, 236401002, 0),
(274, 4, 8, 2, 236401002, 0),
(275, 5, 8, 1, 236401002, 0),
(276, 5, 8, 2, 236401002, 0),
(277, 6, 8, 1, 236401002, 0),
(278, 6, 8, 2, 236401002, 0),
(279, 7, 8, 1, 236401002, 0),
(280, 7, 8, 2, 236401002, 0),
(281, 1, 9, 1, 236401002, 0),
(282, 1, 9, 2, 236401002, 0),
(283, 2, 9, 1, 236401002, 0),
(284, 2, 9, 2, 236401002, 0),
(285, 3, 9, 1, 236401002, 0),
(286, 3, 9, 2, 236401002, 0),
(287, 4, 9, 1, 236401002, 0),
(288, 4, 9, 2, 236401002, 0),
(289, 5, 9, 1, 236401002, 0),
(290, 5, 9, 2, 236401002, 0),
(291, 6, 9, 1, 236401002, 0),
(292, 6, 9, 2, 236401002, 0),
(293, 7, 9, 1, 236401002, 0),
(294, 7, 9, 2, 236401002, 0),
(295, 1, 10, 1, 236401002, 0),
(296, 1, 10, 2, 236401002, 0),
(297, 2, 10, 1, 236401002, 0),
(298, 2, 10, 2, 236401002, 0),
(299, 3, 10, 1, 236401002, 0),
(300, 3, 10, 2, 236401002, 0),
(301, 4, 10, 1, 236401002, 0),
(302, 4, 10, 2, 236401002, 0),
(303, 5, 10, 1, 236401002, 0),
(304, 5, 10, 2, 236401002, 0),
(305, 6, 10, 1, 236401002, 0),
(306, 6, 10, 2, 236401002, 0),
(307, 7, 10, 1, 236401002, 0),
(308, 7, 10, 2, 236401002, 0),
(309, 1, 11, 1, 236401002, 0),
(310, 1, 11, 2, 236401002, 0),
(311, 2, 11, 1, 236401002, 0),
(312, 2, 11, 2, 236401002, 0),
(313, 3, 11, 1, 236401002, 0),
(314, 3, 11, 2, 236401002, 0),
(315, 4, 11, 1, 236401002, 0),
(316, 4, 11, 2, 236401002, 0),
(317, 5, 11, 1, 236401002, 0),
(318, 5, 11, 2, 236401002, 0),
(319, 6, 11, 1, 236401002, 0),
(320, 6, 11, 2, 236401002, 0),
(321, 7, 11, 1, 236401002, 0),
(322, 7, 11, 2, 236401002, 0),
(323, 1, 12, 1, 236401002, 0),
(324, 1, 12, 2, 236401002, 0),
(325, 2, 12, 1, 236401002, 0),
(326, 2, 12, 2, 236401002, 0),
(327, 3, 12, 1, 236401002, 0),
(328, 3, 12, 2, 236401002, 0),
(329, 4, 12, 1, 236401002, 0),
(330, 4, 12, 2, 236401002, 0),
(331, 5, 12, 1, 236401002, 0),
(332, 5, 12, 2, 236401002, 0),
(333, 6, 12, 1, 236401002, 0),
(334, 6, 12, 2, 236401002, 0),
(335, 7, 12, 1, 236401002, 0),
(336, 7, 12, 2, 236401002, 0),
(337, 1, 1, 1, 236401003, 0),
(338, 1, 1, 2, 236401003, 0),
(339, 2, 1, 1, 236401003, 0),
(340, 2, 1, 2, 236401003, 0),
(341, 3, 1, 1, 236401003, 0),
(342, 3, 1, 2, 236401003, 0),
(343, 4, 1, 1, 236401003, 0),
(344, 4, 1, 2, 236401003, 0),
(345, 5, 1, 1, 236401003, 0),
(346, 5, 1, 2, 236401003, 0),
(347, 6, 1, 1, 236401003, 0),
(348, 6, 1, 2, 236401003, 0),
(349, 7, 1, 1, 236401003, 0),
(350, 7, 1, 2, 236401003, 0),
(351, 1, 2, 1, 236401003, 0),
(352, 1, 2, 2, 236401003, 0),
(353, 2, 2, 1, 236401003, 0),
(354, 2, 2, 2, 236401003, 0),
(355, 3, 2, 1, 236401003, 0),
(356, 3, 2, 2, 236401003, 0),
(357, 4, 2, 1, 236401003, 0),
(358, 4, 2, 2, 236401003, 0),
(359, 5, 2, 1, 236401003, 0),
(360, 5, 2, 2, 236401003, 0),
(361, 6, 2, 1, 236401003, 0),
(362, 6, 2, 2, 236401003, 0),
(363, 7, 2, 1, 236401003, 0),
(364, 7, 2, 2, 236401003, 0),
(365, 1, 3, 1, 236401003, 0),
(366, 1, 3, 2, 236401003, 0),
(367, 2, 3, 1, 236401003, 0),
(368, 2, 3, 2, 236401003, 0),
(369, 3, 3, 1, 236401003, 0),
(370, 3, 3, 2, 236401003, 0),
(371, 4, 3, 1, 236401003, 0),
(372, 4, 3, 2, 236401003, 0),
(373, 5, 3, 1, 236401003, 0),
(374, 5, 3, 2, 236401003, 0),
(375, 6, 3, 1, 236401003, 0),
(376, 6, 3, 2, 236401003, 0),
(377, 7, 3, 1, 236401003, 0),
(378, 7, 3, 2, 236401003, 0),
(379, 1, 4, 1, 236401003, 0),
(380, 1, 4, 2, 236401003, 0),
(381, 2, 4, 1, 236401003, 0),
(382, 2, 4, 2, 236401003, 0),
(383, 3, 4, 1, 236401003, 0),
(384, 3, 4, 2, 236401003, 0),
(385, 4, 4, 1, 236401003, 0),
(386, 4, 4, 2, 236401003, 0),
(387, 5, 4, 1, 236401003, 0),
(388, 5, 4, 2, 236401003, 0),
(389, 6, 4, 1, 236401003, 0),
(390, 6, 4, 2, 236401003, 0),
(391, 7, 4, 1, 236401003, 0),
(392, 7, 4, 2, 236401003, 0),
(393, 1, 5, 1, 236401003, 0),
(394, 1, 5, 2, 236401003, 0),
(395, 2, 5, 1, 236401003, 0),
(396, 2, 5, 2, 236401003, 0),
(397, 3, 5, 1, 236401003, 0),
(398, 3, 5, 2, 236401003, 0),
(399, 4, 5, 1, 236401003, 0),
(400, 4, 5, 2, 236401003, 0),
(401, 5, 5, 1, 236401003, 0),
(402, 5, 5, 2, 236401003, 0),
(403, 6, 5, 1, 236401003, 0),
(404, 6, 5, 2, 236401003, 0),
(405, 7, 5, 1, 236401003, 0),
(406, 7, 5, 2, 236401003, 0),
(407, 1, 6, 1, 236401003, 0),
(408, 1, 6, 2, 236401003, 0),
(409, 2, 6, 1, 236401003, 0),
(410, 2, 6, 2, 236401003, 0),
(411, 3, 6, 1, 236401003, 0),
(412, 3, 6, 2, 236401003, 0),
(413, 4, 6, 1, 236401003, 0),
(414, 4, 6, 2, 236401003, 0),
(415, 5, 6, 1, 236401003, 0),
(416, 5, 6, 2, 236401003, 0),
(417, 6, 6, 1, 236401003, 0),
(418, 6, 6, 2, 236401003, 0),
(419, 7, 6, 1, 236401003, 0),
(420, 7, 6, 2, 236401003, 0),
(421, 1, 7, 1, 236401003, 0),
(422, 1, 7, 2, 236401003, 0),
(423, 2, 7, 1, 236401003, 0),
(424, 2, 7, 2, 236401003, 0),
(425, 3, 7, 1, 236401003, 0),
(426, 3, 7, 2, 236401003, 0),
(427, 4, 7, 1, 236401003, 0),
(428, 4, 7, 2, 236401003, 0),
(429, 5, 7, 1, 236401003, 0),
(430, 5, 7, 2, 236401003, 0),
(431, 6, 7, 1, 236401003, 0),
(432, 6, 7, 2, 236401003, 0),
(433, 7, 7, 1, 236401003, 0),
(434, 7, 7, 2, 236401003, 0),
(435, 1, 8, 1, 236401003, 0),
(436, 1, 8, 2, 236401003, 0),
(437, 2, 8, 1, 236401003, 0),
(438, 2, 8, 2, 236401003, 0),
(439, 3, 8, 1, 236401003, 0),
(440, 3, 8, 2, 236401003, 0),
(441, 4, 8, 1, 236401003, 0),
(442, 4, 8, 2, 236401003, 0),
(443, 5, 8, 1, 236401003, 0),
(444, 5, 8, 2, 236401003, 0),
(445, 6, 8, 1, 236401003, 0),
(446, 6, 8, 2, 236401003, 0),
(447, 7, 8, 1, 236401003, 0),
(448, 7, 8, 2, 236401003, 0),
(449, 1, 9, 1, 236401003, 0),
(450, 1, 9, 2, 236401003, 0),
(451, 2, 9, 1, 236401003, 0),
(452, 2, 9, 2, 236401003, 0),
(453, 3, 9, 1, 236401003, 0),
(454, 3, 9, 2, 236401003, 0),
(455, 4, 9, 1, 236401003, 0),
(456, 4, 9, 2, 236401003, 0),
(457, 5, 9, 1, 236401003, 0),
(458, 5, 9, 2, 236401003, 0),
(459, 6, 9, 1, 236401003, 0),
(460, 6, 9, 2, 236401003, 0),
(461, 7, 9, 1, 236401003, 0),
(462, 7, 9, 2, 236401003, 0),
(463, 1, 10, 1, 236401003, 0),
(464, 1, 10, 2, 236401003, 0),
(465, 2, 10, 1, 236401003, 0),
(466, 2, 10, 2, 236401003, 0),
(467, 3, 10, 1, 236401003, 0),
(468, 3, 10, 2, 236401003, 0),
(469, 4, 10, 1, 236401003, 0),
(470, 4, 10, 2, 236401003, 0),
(471, 5, 10, 1, 236401003, 0),
(472, 5, 10, 2, 236401003, 0),
(473, 6, 10, 1, 236401003, 0),
(474, 6, 10, 2, 236401003, 0),
(475, 7, 10, 1, 236401003, 0),
(476, 7, 10, 2, 236401003, 0),
(477, 1, 11, 1, 236401003, 0),
(478, 1, 11, 2, 236401003, 0),
(479, 2, 11, 1, 236401003, 0),
(480, 2, 11, 2, 236401003, 0),
(481, 3, 11, 1, 236401003, 0),
(482, 3, 11, 2, 236401003, 0),
(483, 4, 11, 1, 236401003, 0),
(484, 4, 11, 2, 236401003, 0),
(485, 5, 11, 1, 236401003, 0),
(486, 5, 11, 2, 236401003, 0),
(487, 6, 11, 1, 236401003, 0),
(488, 6, 11, 2, 236401003, 0),
(489, 7, 11, 1, 236401003, 0),
(490, 7, 11, 2, 236401003, 0),
(491, 1, 12, 1, 236401003, 0),
(492, 1, 12, 2, 236401003, 0),
(493, 2, 12, 1, 236401003, 0),
(494, 2, 12, 2, 236401003, 0),
(495, 3, 12, 1, 236401003, 0),
(496, 3, 12, 2, 236401003, 0),
(497, 4, 12, 1, 236401003, 0),
(498, 4, 12, 2, 236401003, 0),
(499, 5, 12, 1, 236401003, 0),
(500, 5, 12, 2, 236401003, 0),
(501, 6, 12, 1, 236401003, 0),
(502, 6, 12, 2, 236401003, 0),
(503, 7, 12, 1, 236401003, 0),
(504, 7, 12, 2, 236401003, 0),
(505, 1, 1, 1, 236401004, 0),
(506, 1, 1, 2, 236401004, 0),
(507, 2, 1, 1, 236401004, 0),
(508, 2, 1, 2, 236401004, 0),
(509, 3, 1, 1, 236401004, 0),
(510, 3, 1, 2, 236401004, 0),
(511, 4, 1, 1, 236401004, 0),
(512, 4, 1, 2, 236401004, 0),
(513, 5, 1, 1, 236401004, 0),
(514, 5, 1, 2, 236401004, 0),
(515, 6, 1, 1, 236401004, 0),
(516, 6, 1, 2, 236401004, 0),
(517, 7, 1, 1, 236401004, 0),
(518, 7, 1, 2, 236401004, 0),
(519, 1, 2, 1, 236401004, 0),
(520, 1, 2, 2, 236401004, 0),
(521, 2, 2, 1, 236401004, 0),
(522, 2, 2, 2, 236401004, 0),
(523, 3, 2, 1, 236401004, 0),
(524, 3, 2, 2, 236401004, 0),
(525, 4, 2, 1, 236401004, 0),
(526, 4, 2, 2, 236401004, 0),
(527, 5, 2, 1, 236401004, 0),
(528, 5, 2, 2, 236401004, 0),
(529, 6, 2, 1, 236401004, 0),
(530, 6, 2, 2, 236401004, 0),
(531, 7, 2, 1, 236401004, 0),
(532, 7, 2, 2, 236401004, 0),
(533, 1, 3, 1, 236401004, 0),
(534, 1, 3, 2, 236401004, 0),
(535, 2, 3, 1, 236401004, 0),
(536, 2, 3, 2, 236401004, 0),
(537, 3, 3, 1, 236401004, 0),
(538, 3, 3, 2, 236401004, 0),
(539, 4, 3, 1, 236401004, 0),
(540, 4, 3, 2, 236401004, 0),
(541, 5, 3, 1, 236401004, 0),
(542, 5, 3, 2, 236401004, 0),
(543, 6, 3, 1, 236401004, 0),
(544, 6, 3, 2, 236401004, 0),
(545, 7, 3, 1, 236401004, 0),
(546, 7, 3, 2, 236401004, 0),
(547, 1, 4, 1, 236401004, 0),
(548, 1, 4, 2, 236401004, 0),
(549, 2, 4, 1, 236401004, 0),
(550, 2, 4, 2, 236401004, 0),
(551, 3, 4, 1, 236401004, 0),
(552, 3, 4, 2, 236401004, 0),
(553, 4, 4, 1, 236401004, 0),
(554, 4, 4, 2, 236401004, 0),
(555, 5, 4, 1, 236401004, 0),
(556, 5, 4, 2, 236401004, 0),
(557, 6, 4, 1, 236401004, 0),
(558, 6, 4, 2, 236401004, 0),
(559, 7, 4, 1, 236401004, 0),
(560, 7, 4, 2, 236401004, 0),
(561, 1, 5, 1, 236401004, 0),
(562, 1, 5, 2, 236401004, 0),
(563, 2, 5, 1, 236401004, 0),
(564, 2, 5, 2, 236401004, 0),
(565, 3, 5, 1, 236401004, 0),
(566, 3, 5, 2, 236401004, 0),
(567, 4, 5, 1, 236401004, 0),
(568, 4, 5, 2, 236401004, 0),
(569, 5, 5, 1, 236401004, 0),
(570, 5, 5, 2, 236401004, 0),
(571, 6, 5, 1, 236401004, 0),
(572, 6, 5, 2, 236401004, 0),
(573, 7, 5, 1, 236401004, 0),
(574, 7, 5, 2, 236401004, 0),
(575, 1, 6, 1, 236401004, 0),
(576, 1, 6, 2, 236401004, 0),
(577, 2, 6, 1, 236401004, 0),
(578, 2, 6, 2, 236401004, 0),
(579, 3, 6, 1, 236401004, 0),
(580, 3, 6, 2, 236401004, 0),
(581, 4, 6, 1, 236401004, 0),
(582, 4, 6, 2, 236401004, 0),
(583, 5, 6, 1, 236401004, 0),
(584, 5, 6, 2, 236401004, 0),
(585, 6, 6, 1, 236401004, 0),
(586, 6, 6, 2, 236401004, 0),
(587, 7, 6, 1, 236401004, 0),
(588, 7, 6, 2, 236401004, 0),
(589, 1, 7, 1, 236401004, 0),
(590, 1, 7, 2, 236401004, 0),
(591, 2, 7, 1, 236401004, 0),
(592, 2, 7, 2, 236401004, 0),
(593, 3, 7, 1, 236401004, 0),
(594, 3, 7, 2, 236401004, 0),
(595, 4, 7, 1, 236401004, 0),
(596, 4, 7, 2, 236401004, 0),
(597, 5, 7, 1, 236401004, 0),
(598, 5, 7, 2, 236401004, 0),
(599, 6, 7, 1, 236401004, 0),
(600, 6, 7, 2, 236401004, 0),
(601, 7, 7, 1, 236401004, 0),
(602, 7, 7, 2, 236401004, 0),
(603, 1, 8, 1, 236401004, 0),
(604, 1, 8, 2, 236401004, 0),
(605, 2, 8, 1, 236401004, 0),
(606, 2, 8, 2, 236401004, 0),
(607, 3, 8, 1, 236401004, 0),
(608, 3, 8, 2, 236401004, 0),
(609, 4, 8, 1, 236401004, 0),
(610, 4, 8, 2, 236401004, 0),
(611, 5, 8, 1, 236401004, 0),
(612, 5, 8, 2, 236401004, 0),
(613, 6, 8, 1, 236401004, 0),
(614, 6, 8, 2, 236401004, 0),
(615, 7, 8, 1, 236401004, 0),
(616, 7, 8, 2, 236401004, 0),
(617, 1, 9, 1, 236401004, 0),
(618, 1, 9, 2, 236401004, 0),
(619, 2, 9, 1, 236401004, 0),
(620, 2, 9, 2, 236401004, 0),
(621, 3, 9, 1, 236401004, 0),
(622, 3, 9, 2, 236401004, 0),
(623, 4, 9, 1, 236401004, 0),
(624, 4, 9, 2, 236401004, 0),
(625, 5, 9, 1, 236401004, 0),
(626, 5, 9, 2, 236401004, 0),
(627, 6, 9, 1, 236401004, 0),
(628, 6, 9, 2, 236401004, 0),
(629, 7, 9, 1, 236401004, 0),
(630, 7, 9, 2, 236401004, 0),
(631, 1, 10, 1, 236401004, 0),
(632, 1, 10, 2, 236401004, 0),
(633, 2, 10, 1, 236401004, 0),
(634, 2, 10, 2, 236401004, 0),
(635, 3, 10, 1, 236401004, 0),
(636, 3, 10, 2, 236401004, 0),
(637, 4, 10, 1, 236401004, 0),
(638, 4, 10, 2, 236401004, 0),
(639, 5, 10, 1, 236401004, 0),
(640, 5, 10, 2, 236401004, 0),
(641, 6, 10, 1, 236401004, 0),
(642, 6, 10, 2, 236401004, 0),
(643, 7, 10, 1, 236401004, 0),
(644, 7, 10, 2, 236401004, 0),
(645, 1, 11, 1, 236401004, 0),
(646, 1, 11, 2, 236401004, 0),
(647, 2, 11, 1, 236401004, 0),
(648, 2, 11, 2, 236401004, 0),
(649, 3, 11, 1, 236401004, 0),
(650, 3, 11, 2, 236401004, 0),
(651, 4, 11, 1, 236401004, 0),
(652, 4, 11, 2, 236401004, 0),
(653, 5, 11, 1, 236401004, 0),
(654, 5, 11, 2, 236401004, 0),
(655, 6, 11, 1, 236401004, 0),
(656, 6, 11, 2, 236401004, 0),
(657, 7, 11, 1, 236401004, 0),
(658, 7, 11, 2, 236401004, 0),
(659, 1, 12, 1, 236401004, 0),
(660, 1, 12, 2, 236401004, 0),
(661, 2, 12, 1, 236401004, 0),
(662, 2, 12, 2, 236401004, 0),
(663, 3, 12, 1, 236401004, 0),
(664, 3, 12, 2, 236401004, 0),
(665, 4, 12, 1, 236401004, 0),
(666, 4, 12, 2, 236401004, 0),
(667, 5, 12, 1, 236401004, 0),
(668, 5, 12, 2, 236401004, 0),
(669, 6, 12, 1, 236401004, 0),
(670, 6, 12, 2, 236401004, 0),
(671, 7, 12, 1, 236401004, 0),
(672, 7, 12, 2, 236401004, 0),
(673, 1, 1, 1, 236401005, 0),
(674, 1, 1, 2, 236401005, 0),
(675, 2, 1, 1, 236401005, 0),
(676, 2, 1, 2, 236401005, 0),
(677, 3, 1, 1, 236401005, 0),
(678, 3, 1, 2, 236401005, 0),
(679, 4, 1, 1, 236401005, 0),
(680, 4, 1, 2, 236401005, 0),
(681, 5, 1, 1, 236401005, 0),
(682, 5, 1, 2, 236401005, 0),
(683, 6, 1, 1, 236401005, 0),
(684, 6, 1, 2, 236401005, 0),
(685, 7, 1, 1, 236401005, 0),
(686, 7, 1, 2, 236401005, 0),
(687, 1, 2, 1, 236401005, 0),
(688, 1, 2, 2, 236401005, 0),
(689, 2, 2, 1, 236401005, 0),
(690, 2, 2, 2, 236401005, 0),
(691, 3, 2, 1, 236401005, 0),
(692, 3, 2, 2, 236401005, 0),
(693, 4, 2, 1, 236401005, 0),
(694, 4, 2, 2, 236401005, 0),
(695, 5, 2, 1, 236401005, 0),
(696, 5, 2, 2, 236401005, 0),
(697, 6, 2, 1, 236401005, 0),
(698, 6, 2, 2, 236401005, 0),
(699, 7, 2, 1, 236401005, 0),
(700, 7, 2, 2, 236401005, 0),
(701, 1, 3, 1, 236401005, 0),
(702, 1, 3, 2, 236401005, 0),
(703, 2, 3, 1, 236401005, 0),
(704, 2, 3, 2, 236401005, 0),
(705, 3, 3, 1, 236401005, 0),
(706, 3, 3, 2, 236401005, 0),
(707, 4, 3, 1, 236401005, 0),
(708, 4, 3, 2, 236401005, 0),
(709, 5, 3, 1, 236401005, 0),
(710, 5, 3, 2, 236401005, 0),
(711, 6, 3, 1, 236401005, 0),
(712, 6, 3, 2, 236401005, 0),
(713, 7, 3, 1, 236401005, 0),
(714, 7, 3, 2, 236401005, 0),
(715, 1, 4, 1, 236401005, 0),
(716, 1, 4, 2, 236401005, 0),
(717, 2, 4, 1, 236401005, 0),
(718, 2, 4, 2, 236401005, 0),
(719, 3, 4, 1, 236401005, 0),
(720, 3, 4, 2, 236401005, 0),
(721, 4, 4, 1, 236401005, 0),
(722, 4, 4, 2, 236401005, 0),
(723, 5, 4, 1, 236401005, 0),
(724, 5, 4, 2, 236401005, 0),
(725, 6, 4, 1, 236401005, 0),
(726, 6, 4, 2, 236401005, 0),
(727, 7, 4, 1, 236401005, 0),
(728, 7, 4, 2, 236401005, 0),
(729, 1, 5, 1, 236401005, 0),
(730, 1, 5, 2, 236401005, 0),
(731, 2, 5, 1, 236401005, 0),
(732, 2, 5, 2, 236401005, 0),
(733, 3, 5, 1, 236401005, 0),
(734, 3, 5, 2, 236401005, 0),
(735, 4, 5, 1, 236401005, 0),
(736, 4, 5, 2, 236401005, 0),
(737, 5, 5, 1, 236401005, 0),
(738, 5, 5, 2, 236401005, 0),
(739, 6, 5, 1, 236401005, 0),
(740, 6, 5, 2, 236401005, 0),
(741, 7, 5, 1, 236401005, 0),
(742, 7, 5, 2, 236401005, 0),
(743, 1, 6, 1, 236401005, 0),
(744, 1, 6, 2, 236401005, 0),
(745, 2, 6, 1, 236401005, 0),
(746, 2, 6, 2, 236401005, 0),
(747, 3, 6, 1, 236401005, 0),
(748, 3, 6, 2, 236401005, 0),
(749, 4, 6, 1, 236401005, 0),
(750, 4, 6, 2, 236401005, 0),
(751, 5, 6, 1, 236401005, 0),
(752, 5, 6, 2, 236401005, 0),
(753, 6, 6, 1, 236401005, 0),
(754, 6, 6, 2, 236401005, 0),
(755, 7, 6, 1, 236401005, 0),
(756, 7, 6, 2, 236401005, 0),
(757, 1, 7, 1, 236401005, 0),
(758, 1, 7, 2, 236401005, 0),
(759, 2, 7, 1, 236401005, 0),
(760, 2, 7, 2, 236401005, 0),
(761, 3, 7, 1, 236401005, 0),
(762, 3, 7, 2, 236401005, 0),
(763, 4, 7, 1, 236401005, 0),
(764, 4, 7, 2, 236401005, 0),
(765, 5, 7, 1, 236401005, 0),
(766, 5, 7, 2, 236401005, 0),
(767, 6, 7, 1, 236401005, 0),
(768, 6, 7, 2, 236401005, 0),
(769, 7, 7, 1, 236401005, 0),
(770, 7, 7, 2, 236401005, 0),
(771, 1, 8, 1, 236401005, 0),
(772, 1, 8, 2, 236401005, 0),
(773, 2, 8, 1, 236401005, 0),
(774, 2, 8, 2, 236401005, 0),
(775, 3, 8, 1, 236401005, 0),
(776, 3, 8, 2, 236401005, 0),
(777, 4, 8, 1, 236401005, 0),
(778, 4, 8, 2, 236401005, 0),
(779, 5, 8, 1, 236401005, 0),
(780, 5, 8, 2, 236401005, 0),
(781, 6, 8, 1, 236401005, 0),
(782, 6, 8, 2, 236401005, 0),
(783, 7, 8, 1, 236401005, 0),
(784, 7, 8, 2, 236401005, 0),
(785, 1, 9, 1, 236401005, 0),
(786, 1, 9, 2, 236401005, 0),
(787, 2, 9, 1, 236401005, 0),
(788, 2, 9, 2, 236401005, 0),
(789, 3, 9, 1, 236401005, 0),
(790, 3, 9, 2, 236401005, 0),
(791, 4, 9, 1, 236401005, 0),
(792, 4, 9, 2, 236401005, 0),
(793, 5, 9, 1, 236401005, 0),
(794, 5, 9, 2, 236401005, 0),
(795, 6, 9, 1, 236401005, 0),
(796, 6, 9, 2, 236401005, 0),
(797, 7, 9, 1, 236401005, 0),
(798, 7, 9, 2, 236401005, 0),
(799, 1, 10, 1, 236401005, 0),
(800, 1, 10, 2, 236401005, 0),
(801, 2, 10, 1, 236401005, 0),
(802, 2, 10, 2, 236401005, 0),
(803, 3, 10, 1, 236401005, 0),
(804, 3, 10, 2, 236401005, 0),
(805, 4, 10, 1, 236401005, 0),
(806, 4, 10, 2, 236401005, 0),
(807, 5, 10, 1, 236401005, 0),
(808, 5, 10, 2, 236401005, 0),
(809, 6, 10, 1, 236401005, 0),
(810, 6, 10, 2, 236401005, 0),
(811, 7, 10, 1, 236401005, 0),
(812, 7, 10, 2, 236401005, 0),
(813, 1, 11, 1, 236401005, 0),
(814, 1, 11, 2, 236401005, 0),
(815, 2, 11, 1, 236401005, 0),
(816, 2, 11, 2, 236401005, 0),
(817, 3, 11, 1, 236401005, 0),
(818, 3, 11, 2, 236401005, 0),
(819, 4, 11, 1, 236401005, 0),
(820, 4, 11, 2, 236401005, 0),
(821, 5, 11, 1, 236401005, 0),
(822, 5, 11, 2, 236401005, 0),
(823, 6, 11, 1, 236401005, 0),
(824, 6, 11, 2, 236401005, 0),
(825, 7, 11, 1, 236401005, 0),
(826, 7, 11, 2, 236401005, 0),
(827, 1, 12, 1, 236401005, 0),
(828, 1, 12, 2, 236401005, 0),
(829, 2, 12, 1, 236401005, 0),
(830, 2, 12, 2, 236401005, 0),
(831, 3, 12, 1, 236401005, 0),
(832, 3, 12, 2, 236401005, 0),
(833, 4, 12, 1, 236401005, 0),
(834, 4, 12, 2, 236401005, 0),
(835, 5, 12, 1, 236401005, 0),
(836, 5, 12, 2, 236401005, 0),
(837, 6, 12, 1, 236401005, 0),
(838, 6, 12, 2, 236401005, 0),
(839, 7, 12, 1, 236401005, 0),
(840, 7, 12, 2, 236401005, 0),
(841, 1, 1, 1, 236401006, 0),
(842, 1, 1, 2, 236401006, 0),
(843, 2, 1, 1, 236401006, 0),
(844, 2, 1, 2, 236401006, 0),
(845, 3, 1, 1, 236401006, 0),
(846, 3, 1, 2, 236401006, 0),
(847, 4, 1, 1, 236401006, 0),
(848, 4, 1, 2, 236401006, 0),
(849, 5, 1, 1, 236401006, 0),
(850, 5, 1, 2, 236401006, 0),
(851, 6, 1, 1, 236401006, 0),
(852, 6, 1, 2, 236401006, 0),
(853, 7, 1, 1, 236401006, 0),
(854, 7, 1, 2, 236401006, 0),
(855, 1, 2, 1, 236401006, 0),
(856, 1, 2, 2, 236401006, 0),
(857, 2, 2, 1, 236401006, 0),
(858, 2, 2, 2, 236401006, 0),
(859, 3, 2, 1, 236401006, 0),
(860, 3, 2, 2, 236401006, 0),
(861, 4, 2, 1, 236401006, 0),
(862, 4, 2, 2, 236401006, 0),
(863, 5, 2, 1, 236401006, 0),
(864, 5, 2, 2, 236401006, 0),
(865, 6, 2, 1, 236401006, 0),
(866, 6, 2, 2, 236401006, 0),
(867, 7, 2, 1, 236401006, 0),
(868, 7, 2, 2, 236401006, 0),
(869, 1, 3, 1, 236401006, 0),
(870, 1, 3, 2, 236401006, 0),
(871, 2, 3, 1, 236401006, 0),
(872, 2, 3, 2, 236401006, 0),
(873, 3, 3, 1, 236401006, 0),
(874, 3, 3, 2, 236401006, 0),
(875, 4, 3, 1, 236401006, 0),
(876, 4, 3, 2, 236401006, 0),
(877, 5, 3, 1, 236401006, 0),
(878, 5, 3, 2, 236401006, 0),
(879, 6, 3, 1, 236401006, 0),
(880, 6, 3, 2, 236401006, 0),
(881, 7, 3, 1, 236401006, 0),
(882, 7, 3, 2, 236401006, 0),
(883, 1, 4, 1, 236401006, 0),
(884, 1, 4, 2, 236401006, 0),
(885, 2, 4, 1, 236401006, 0),
(886, 2, 4, 2, 236401006, 0),
(887, 3, 4, 1, 236401006, 0),
(888, 3, 4, 2, 236401006, 0),
(889, 4, 4, 1, 236401006, 0),
(890, 4, 4, 2, 236401006, 0),
(891, 5, 4, 1, 236401006, 0),
(892, 5, 4, 2, 236401006, 0),
(893, 6, 4, 1, 236401006, 0),
(894, 6, 4, 2, 236401006, 0),
(895, 7, 4, 1, 236401006, 0),
(896, 7, 4, 2, 236401006, 0),
(897, 1, 5, 1, 236401006, 0),
(898, 1, 5, 2, 236401006, 0),
(899, 2, 5, 1, 236401006, 0),
(900, 2, 5, 2, 236401006, 0),
(901, 3, 5, 1, 236401006, 0),
(902, 3, 5, 2, 236401006, 0),
(903, 4, 5, 1, 236401006, 0),
(904, 4, 5, 2, 236401006, 0),
(905, 5, 5, 1, 236401006, 0),
(906, 5, 5, 2, 236401006, 0),
(907, 6, 5, 1, 236401006, 0),
(908, 6, 5, 2, 236401006, 0),
(909, 7, 5, 1, 236401006, 0),
(910, 7, 5, 2, 236401006, 0),
(911, 1, 6, 1, 236401006, 0),
(912, 1, 6, 2, 236401006, 0),
(913, 2, 6, 1, 236401006, 0),
(914, 2, 6, 2, 236401006, 0),
(915, 3, 6, 1, 236401006, 0),
(916, 3, 6, 2, 236401006, 0),
(917, 4, 6, 1, 236401006, 0),
(918, 4, 6, 2, 236401006, 0),
(919, 5, 6, 1, 236401006, 0),
(920, 5, 6, 2, 236401006, 0),
(921, 6, 6, 1, 236401006, 0),
(922, 6, 6, 2, 236401006, 0),
(923, 7, 6, 1, 236401006, 0),
(924, 7, 6, 2, 236401006, 0),
(925, 1, 7, 1, 236401006, 0),
(926, 1, 7, 2, 236401006, 0),
(927, 2, 7, 1, 236401006, 0),
(928, 2, 7, 2, 236401006, 0),
(929, 3, 7, 1, 236401006, 0),
(930, 3, 7, 2, 236401006, 0),
(931, 4, 7, 1, 236401006, 0),
(932, 4, 7, 2, 236401006, 0),
(933, 5, 7, 1, 236401006, 0),
(934, 5, 7, 2, 236401006, 0),
(935, 6, 7, 1, 236401006, 0),
(936, 6, 7, 2, 236401006, 0),
(937, 7, 7, 1, 236401006, 0),
(938, 7, 7, 2, 236401006, 0),
(939, 1, 8, 1, 236401006, 0),
(940, 1, 8, 2, 236401006, 0),
(941, 2, 8, 1, 236401006, 0),
(942, 2, 8, 2, 236401006, 0),
(943, 3, 8, 1, 236401006, 0),
(944, 3, 8, 2, 236401006, 0),
(945, 4, 8, 1, 236401006, 0),
(946, 4, 8, 2, 236401006, 0),
(947, 5, 8, 1, 236401006, 0),
(948, 5, 8, 2, 236401006, 0),
(949, 6, 8, 1, 236401006, 0),
(950, 6, 8, 2, 236401006, 0),
(951, 7, 8, 1, 236401006, 0),
(952, 7, 8, 2, 236401006, 0),
(953, 1, 9, 1, 236401006, 0),
(954, 1, 9, 2, 236401006, 0),
(955, 2, 9, 1, 236401006, 0),
(956, 2, 9, 2, 236401006, 0),
(957, 3, 9, 1, 236401006, 0),
(958, 3, 9, 2, 236401006, 0),
(959, 4, 9, 1, 236401006, 0),
(960, 4, 9, 2, 236401006, 0),
(961, 5, 9, 1, 236401006, 0),
(962, 5, 9, 2, 236401006, 0),
(963, 6, 9, 1, 236401006, 0),
(964, 6, 9, 2, 236401006, 0),
(965, 7, 9, 1, 236401006, 0),
(966, 7, 9, 2, 236401006, 0),
(967, 1, 10, 1, 236401006, 0),
(968, 1, 10, 2, 236401006, 0),
(969, 2, 10, 1, 236401006, 0),
(970, 2, 10, 2, 236401006, 0),
(971, 3, 10, 1, 236401006, 0),
(972, 3, 10, 2, 236401006, 0),
(973, 4, 10, 1, 236401006, 0),
(974, 4, 10, 2, 236401006, 0),
(975, 5, 10, 1, 236401006, 0),
(976, 5, 10, 2, 236401006, 0),
(977, 6, 10, 1, 236401006, 0),
(978, 6, 10, 2, 236401006, 0),
(979, 7, 10, 1, 236401006, 0),
(980, 7, 10, 2, 236401006, 0),
(981, 1, 11, 1, 236401006, 0),
(982, 1, 11, 2, 236401006, 0),
(983, 2, 11, 1, 236401006, 0),
(984, 2, 11, 2, 236401006, 0),
(985, 3, 11, 1, 236401006, 0),
(986, 3, 11, 2, 236401006, 0),
(987, 4, 11, 1, 236401006, 0),
(988, 4, 11, 2, 236401006, 0),
(989, 5, 11, 1, 236401006, 0),
(990, 5, 11, 2, 236401006, 0),
(991, 6, 11, 1, 236401006, 0),
(992, 6, 11, 2, 236401006, 0),
(993, 7, 11, 1, 236401006, 0),
(994, 7, 11, 2, 236401006, 0),
(995, 1, 12, 1, 236401006, 0),
(996, 1, 12, 2, 236401006, 0),
(997, 2, 12, 1, 236401006, 0),
(998, 2, 12, 2, 236401006, 0),
(999, 3, 12, 1, 236401006, 0),
(1000, 3, 12, 2, 236401006, 0),
(1001, 4, 12, 1, 236401006, 0),
(1002, 4, 12, 2, 236401006, 0),
(1003, 5, 12, 1, 236401006, 0),
(1004, 5, 12, 2, 236401006, 0),
(1005, 6, 12, 1, 236401006, 0),
(1006, 6, 12, 2, 236401006, 0),
(1007, 7, 12, 1, 236401006, 0),
(1008, 7, 12, 2, 236401006, 0),
(1009, 1, 1, 1, 236401007, 0),
(1010, 1, 1, 2, 236401007, 0),
(1011, 2, 1, 1, 236401007, 0),
(1012, 2, 1, 2, 236401007, 0),
(1013, 3, 1, 1, 236401007, 0),
(1014, 3, 1, 2, 236401007, 0),
(1015, 4, 1, 1, 236401007, 0),
(1016, 4, 1, 2, 236401007, 0),
(1017, 5, 1, 1, 236401007, 0),
(1018, 5, 1, 2, 236401007, 0),
(1019, 6, 1, 1, 236401007, 0),
(1020, 6, 1, 2, 236401007, 0),
(1021, 7, 1, 1, 236401007, 0),
(1022, 7, 1, 2, 236401007, 0),
(1023, 1, 2, 1, 236401007, 0),
(1024, 1, 2, 2, 236401007, 0),
(1025, 2, 2, 1, 236401007, 0),
(1026, 2, 2, 2, 236401007, 0),
(1027, 3, 2, 1, 236401007, 0),
(1028, 3, 2, 2, 236401007, 0),
(1029, 4, 2, 1, 236401007, 0),
(1030, 4, 2, 2, 236401007, 0),
(1031, 5, 2, 1, 236401007, 0),
(1032, 5, 2, 2, 236401007, 0),
(1033, 6, 2, 1, 236401007, 0),
(1034, 6, 2, 2, 236401007, 0),
(1035, 7, 2, 1, 236401007, 0),
(1036, 7, 2, 2, 236401007, 0),
(1037, 1, 3, 1, 236401007, 0),
(1038, 1, 3, 2, 236401007, 0),
(1039, 2, 3, 1, 236401007, 0),
(1040, 2, 3, 2, 236401007, 0),
(1041, 3, 3, 1, 236401007, 0),
(1042, 3, 3, 2, 236401007, 0),
(1043, 4, 3, 1, 236401007, 0),
(1044, 4, 3, 2, 236401007, 0),
(1045, 5, 3, 1, 236401007, 0),
(1046, 5, 3, 2, 236401007, 0),
(1047, 6, 3, 1, 236401007, 0),
(1048, 6, 3, 2, 236401007, 0),
(1049, 7, 3, 1, 236401007, 0),
(1050, 7, 3, 2, 236401007, 0),
(1051, 1, 4, 1, 236401007, 0),
(1052, 1, 4, 2, 236401007, 0),
(1053, 2, 4, 1, 236401007, 0),
(1054, 2, 4, 2, 236401007, 0),
(1055, 3, 4, 1, 236401007, 0),
(1056, 3, 4, 2, 236401007, 0),
(1057, 4, 4, 1, 236401007, 0),
(1058, 4, 4, 2, 236401007, 0),
(1059, 5, 4, 1, 236401007, 0),
(1060, 5, 4, 2, 236401007, 0),
(1061, 6, 4, 1, 236401007, 0),
(1062, 6, 4, 2, 236401007, 0),
(1063, 7, 4, 1, 236401007, 0),
(1064, 7, 4, 2, 236401007, 0),
(1065, 1, 5, 1, 236401007, 0),
(1066, 1, 5, 2, 236401007, 0),
(1067, 2, 5, 1, 236401007, 0),
(1068, 2, 5, 2, 236401007, 0),
(1069, 3, 5, 1, 236401007, 0),
(1070, 3, 5, 2, 236401007, 0),
(1071, 4, 5, 1, 236401007, 0),
(1072, 4, 5, 2, 236401007, 0),
(1073, 5, 5, 1, 236401007, 0),
(1074, 5, 5, 2, 236401007, 0),
(1075, 6, 5, 1, 236401007, 0),
(1076, 6, 5, 2, 236401007, 0),
(1077, 7, 5, 1, 236401007, 0),
(1078, 7, 5, 2, 236401007, 0),
(1079, 1, 6, 1, 236401007, 0),
(1080, 1, 6, 2, 236401007, 0),
(1081, 2, 6, 1, 236401007, 0),
(1082, 2, 6, 2, 236401007, 0),
(1083, 3, 6, 1, 236401007, 0),
(1084, 3, 6, 2, 236401007, 0),
(1085, 4, 6, 1, 236401007, 0),
(1086, 4, 6, 2, 236401007, 0),
(1087, 5, 6, 1, 236401007, 0),
(1088, 5, 6, 2, 236401007, 0),
(1089, 6, 6, 1, 236401007, 0),
(1090, 6, 6, 2, 236401007, 0),
(1091, 7, 6, 1, 236401007, 0),
(1092, 7, 6, 2, 236401007, 0),
(1093, 1, 7, 1, 236401007, 0),
(1094, 1, 7, 2, 236401007, 0),
(1095, 2, 7, 1, 236401007, 0),
(1096, 2, 7, 2, 236401007, 0),
(1097, 3, 7, 1, 236401007, 0),
(1098, 3, 7, 2, 236401007, 0),
(1099, 4, 7, 1, 236401007, 0),
(1100, 4, 7, 2, 236401007, 0),
(1101, 5, 7, 1, 236401007, 0),
(1102, 5, 7, 2, 236401007, 0),
(1103, 6, 7, 1, 236401007, 0),
(1104, 6, 7, 2, 236401007, 0),
(1105, 7, 7, 1, 236401007, 0),
(1106, 7, 7, 2, 236401007, 0),
(1107, 1, 8, 1, 236401007, 0),
(1108, 1, 8, 2, 236401007, 0),
(1109, 2, 8, 1, 236401007, 0),
(1110, 2, 8, 2, 236401007, 0),
(1111, 3, 8, 1, 236401007, 0),
(1112, 3, 8, 2, 236401007, 0),
(1113, 4, 8, 1, 236401007, 0),
(1114, 4, 8, 2, 236401007, 0),
(1115, 5, 8, 1, 236401007, 0),
(1116, 5, 8, 2, 236401007, 0),
(1117, 6, 8, 1, 236401007, 0),
(1118, 6, 8, 2, 236401007, 0),
(1119, 7, 8, 1, 236401007, 0),
(1120, 7, 8, 2, 236401007, 0),
(1121, 1, 9, 1, 236401007, 0),
(1122, 1, 9, 2, 236401007, 0),
(1123, 2, 9, 1, 236401007, 0),
(1124, 2, 9, 2, 236401007, 0),
(1125, 3, 9, 1, 236401007, 0),
(1126, 3, 9, 2, 236401007, 0),
(1127, 4, 9, 1, 236401007, 0),
(1128, 4, 9, 2, 236401007, 0),
(1129, 5, 9, 1, 236401007, 0),
(1130, 5, 9, 2, 236401007, 0),
(1131, 6, 9, 1, 236401007, 0),
(1132, 6, 9, 2, 236401007, 0),
(1133, 7, 9, 1, 236401007, 0),
(1134, 7, 9, 2, 236401007, 0),
(1135, 1, 10, 1, 236401007, 0),
(1136, 1, 10, 2, 236401007, 0),
(1137, 2, 10, 1, 236401007, 0),
(1138, 2, 10, 2, 236401007, 0),
(1139, 3, 10, 1, 236401007, 0),
(1140, 3, 10, 2, 236401007, 0),
(1141, 4, 10, 1, 236401007, 0),
(1142, 4, 10, 2, 236401007, 0),
(1143, 5, 10, 1, 236401007, 0),
(1144, 5, 10, 2, 236401007, 0),
(1145, 6, 10, 1, 236401007, 0),
(1146, 6, 10, 2, 236401007, 0),
(1147, 7, 10, 1, 236401007, 0),
(1148, 7, 10, 2, 236401007, 0),
(1149, 1, 11, 1, 236401007, 0),
(1150, 1, 11, 2, 236401007, 0),
(1151, 2, 11, 1, 236401007, 0),
(1152, 2, 11, 2, 236401007, 0),
(1153, 3, 11, 1, 236401007, 0),
(1154, 3, 11, 2, 236401007, 0),
(1155, 4, 11, 1, 236401007, 0),
(1156, 4, 11, 2, 236401007, 0),
(1157, 5, 11, 1, 236401007, 0),
(1158, 5, 11, 2, 236401007, 0),
(1159, 6, 11, 1, 236401007, 0),
(1160, 6, 11, 2, 236401007, 0),
(1161, 7, 11, 1, 236401007, 0),
(1162, 7, 11, 2, 236401007, 0),
(1163, 1, 12, 1, 236401007, 0),
(1164, 1, 12, 2, 236401007, 0),
(1165, 2, 12, 1, 236401007, 0),
(1166, 2, 12, 2, 236401007, 0),
(1167, 3, 12, 1, 236401007, 0),
(1168, 3, 12, 2, 236401007, 0),
(1169, 4, 12, 1, 236401007, 0),
(1170, 4, 12, 2, 236401007, 0),
(1171, 5, 12, 1, 236401007, 0),
(1172, 5, 12, 2, 236401007, 0),
(1173, 6, 12, 1, 236401007, 0),
(1174, 6, 12, 2, 236401007, 0),
(1175, 7, 12, 1, 236401007, 0),
(1176, 7, 12, 2, 236401007, 0),
(1177, 1, 1, 1, 236401008, 0),
(1178, 1, 1, 2, 236401008, 0),
(1179, 2, 1, 1, 236401008, 0),
(1180, 2, 1, 2, 236401008, 0),
(1181, 3, 1, 1, 236401008, 0),
(1182, 3, 1, 2, 236401008, 0),
(1183, 4, 1, 1, 236401008, 0),
(1184, 4, 1, 2, 236401008, 0),
(1185, 5, 1, 1, 236401008, 0),
(1186, 5, 1, 2, 236401008, 0),
(1187, 6, 1, 1, 236401008, 0),
(1188, 6, 1, 2, 236401008, 0),
(1189, 7, 1, 1, 236401008, 0),
(1190, 7, 1, 2, 236401008, 0),
(1191, 1, 2, 1, 236401008, 0),
(1192, 1, 2, 2, 236401008, 0),
(1193, 2, 2, 1, 236401008, 0),
(1194, 2, 2, 2, 236401008, 0),
(1195, 3, 2, 1, 236401008, 0),
(1196, 3, 2, 2, 236401008, 0),
(1197, 4, 2, 1, 236401008, 0),
(1198, 4, 2, 2, 236401008, 0),
(1199, 5, 2, 1, 236401008, 0),
(1200, 5, 2, 2, 236401008, 0),
(1201, 6, 2, 1, 236401008, 0),
(1202, 6, 2, 2, 236401008, 0),
(1203, 7, 2, 1, 236401008, 0),
(1204, 7, 2, 2, 236401008, 0),
(1205, 1, 3, 1, 236401008, 0),
(1206, 1, 3, 2, 236401008, 0),
(1207, 2, 3, 1, 236401008, 0),
(1208, 2, 3, 2, 236401008, 0),
(1209, 3, 3, 1, 236401008, 0),
(1210, 3, 3, 2, 236401008, 0),
(1211, 4, 3, 1, 236401008, 0),
(1212, 4, 3, 2, 236401008, 0),
(1213, 5, 3, 1, 236401008, 0),
(1214, 5, 3, 2, 236401008, 0),
(1215, 6, 3, 1, 236401008, 0),
(1216, 6, 3, 2, 236401008, 0),
(1217, 7, 3, 1, 236401008, 0),
(1218, 7, 3, 2, 236401008, 0),
(1219, 1, 4, 1, 236401008, 0),
(1220, 1, 4, 2, 236401008, 0),
(1221, 2, 4, 1, 236401008, 0),
(1222, 2, 4, 2, 236401008, 0),
(1223, 3, 4, 1, 236401008, 0),
(1224, 3, 4, 2, 236401008, 0),
(1225, 4, 4, 1, 236401008, 0),
(1226, 4, 4, 2, 236401008, 0),
(1227, 5, 4, 1, 236401008, 0),
(1228, 5, 4, 2, 236401008, 0),
(1229, 6, 4, 1, 236401008, 0),
(1230, 6, 4, 2, 236401008, 0),
(1231, 7, 4, 1, 236401008, 0),
(1232, 7, 4, 2, 236401008, 0),
(1233, 1, 5, 1, 236401008, 0),
(1234, 1, 5, 2, 236401008, 0),
(1235, 2, 5, 1, 236401008, 0),
(1236, 2, 5, 2, 236401008, 0),
(1237, 3, 5, 1, 236401008, 0),
(1238, 3, 5, 2, 236401008, 0),
(1239, 4, 5, 1, 236401008, 0),
(1240, 4, 5, 2, 236401008, 0),
(1241, 5, 5, 1, 236401008, 0),
(1242, 5, 5, 2, 236401008, 0),
(1243, 6, 5, 1, 236401008, 0),
(1244, 6, 5, 2, 236401008, 0),
(1245, 7, 5, 1, 236401008, 0),
(1246, 7, 5, 2, 236401008, 0),
(1247, 1, 6, 1, 236401008, 0),
(1248, 1, 6, 2, 236401008, 0),
(1249, 2, 6, 1, 236401008, 0),
(1250, 2, 6, 2, 236401008, 0),
(1251, 3, 6, 1, 236401008, 0),
(1252, 3, 6, 2, 236401008, 0),
(1253, 4, 6, 1, 236401008, 0),
(1254, 4, 6, 2, 236401008, 0),
(1255, 5, 6, 1, 236401008, 0),
(1256, 5, 6, 2, 236401008, 0),
(1257, 6, 6, 1, 236401008, 0),
(1258, 6, 6, 2, 236401008, 0),
(1259, 7, 6, 1, 236401008, 0),
(1260, 7, 6, 2, 236401008, 0),
(1261, 1, 7, 1, 236401008, 0),
(1262, 1, 7, 2, 236401008, 0),
(1263, 2, 7, 1, 236401008, 0),
(1264, 2, 7, 2, 236401008, 0),
(1265, 3, 7, 1, 236401008, 0),
(1266, 3, 7, 2, 236401008, 0),
(1267, 4, 7, 1, 236401008, 0),
(1268, 4, 7, 2, 236401008, 0),
(1269, 5, 7, 1, 236401008, 0),
(1270, 5, 7, 2, 236401008, 0),
(1271, 6, 7, 1, 236401008, 0),
(1272, 6, 7, 2, 236401008, 0),
(1273, 7, 7, 1, 236401008, 0),
(1274, 7, 7, 2, 236401008, 0),
(1275, 1, 8, 1, 236401008, 0),
(1276, 1, 8, 2, 236401008, 0),
(1277, 2, 8, 1, 236401008, 0),
(1278, 2, 8, 2, 236401008, 0),
(1279, 3, 8, 1, 236401008, 0),
(1280, 3, 8, 2, 236401008, 0),
(1281, 4, 8, 1, 236401008, 0),
(1282, 4, 8, 2, 236401008, 0),
(1283, 5, 8, 1, 236401008, 0),
(1284, 5, 8, 2, 236401008, 0),
(1285, 6, 8, 1, 236401008, 0),
(1286, 6, 8, 2, 236401008, 0),
(1287, 7, 8, 1, 236401008, 0),
(1288, 7, 8, 2, 236401008, 0),
(1289, 1, 9, 1, 236401008, 0),
(1290, 1, 9, 2, 236401008, 0),
(1291, 2, 9, 1, 236401008, 0),
(1292, 2, 9, 2, 236401008, 0),
(1293, 3, 9, 1, 236401008, 0),
(1294, 3, 9, 2, 236401008, 0),
(1295, 4, 9, 1, 236401008, 0),
(1296, 4, 9, 2, 236401008, 0),
(1297, 5, 9, 1, 236401008, 0),
(1298, 5, 9, 2, 236401008, 0),
(1299, 6, 9, 1, 236401008, 0),
(1300, 6, 9, 2, 236401008, 0),
(1301, 7, 9, 1, 236401008, 0),
(1302, 7, 9, 2, 236401008, 0),
(1303, 1, 10, 1, 236401008, 0),
(1304, 1, 10, 2, 236401008, 0),
(1305, 2, 10, 1, 236401008, 0),
(1306, 2, 10, 2, 236401008, 0),
(1307, 3, 10, 1, 236401008, 0),
(1308, 3, 10, 2, 236401008, 0),
(1309, 4, 10, 1, 236401008, 0),
(1310, 4, 10, 2, 236401008, 0),
(1311, 5, 10, 1, 236401008, 0),
(1312, 5, 10, 2, 236401008, 0),
(1313, 6, 10, 1, 236401008, 0),
(1314, 6, 10, 2, 236401008, 0),
(1315, 7, 10, 1, 236401008, 0),
(1316, 7, 10, 2, 236401008, 0),
(1317, 1, 11, 1, 236401008, 0),
(1318, 1, 11, 2, 236401008, 0),
(1319, 2, 11, 1, 236401008, 0),
(1320, 2, 11, 2, 236401008, 0),
(1321, 3, 11, 1, 236401008, 0),
(1322, 3, 11, 2, 236401008, 0),
(1323, 4, 11, 1, 236401008, 0),
(1324, 4, 11, 2, 236401008, 0),
(1325, 5, 11, 1, 236401008, 0),
(1326, 5, 11, 2, 236401008, 0),
(1327, 6, 11, 1, 236401008, 0),
(1328, 6, 11, 2, 236401008, 0),
(1329, 7, 11, 1, 236401008, 0),
(1330, 7, 11, 2, 236401008, 0),
(1331, 1, 12, 1, 236401008, 0),
(1332, 1, 12, 2, 236401008, 0),
(1333, 2, 12, 1, 236401008, 0),
(1334, 2, 12, 2, 236401008, 0),
(1335, 3, 12, 1, 236401008, 0),
(1336, 3, 12, 2, 236401008, 0),
(1337, 4, 12, 1, 236401008, 0),
(1338, 4, 12, 2, 236401008, 0),
(1339, 5, 12, 1, 236401008, 0),
(1340, 5, 12, 2, 236401008, 0),
(1341, 6, 12, 1, 236401008, 0),
(1342, 6, 12, 2, 236401008, 0),
(1343, 7, 12, 1, 236401008, 0),
(1344, 7, 12, 2, 236401008, 0),
(2881, 1, 1, 1, 11223344, 0),
(2882, 1, 1, 2, 11223344, 0),
(2883, 1, 2, 1, 11223344, 0),
(2884, 1, 2, 2, 11223344, 0),
(2885, 1, 3, 1, 11223344, 0),
(2886, 1, 3, 2, 11223344, 0),
(2887, 1, 4, 1, 11223344, 0),
(2888, 1, 4, 2, 11223344, 0),
(2889, 1, 5, 1, 11223344, 0),
(2890, 1, 5, 2, 11223344, 0),
(2891, 1, 6, 1, 11223344, 0),
(2892, 1, 6, 2, 11223344, 0),
(2893, 1, 7, 1, 11223344, 0),
(2894, 1, 7, 2, 11223344, 0),
(2895, 1, 8, 1, 11223344, 0),
(2896, 1, 8, 2, 11223344, 0),
(2897, 1, 9, 1, 11223344, 0),
(2898, 1, 9, 2, 11223344, 0),
(2899, 1, 10, 1, 11223344, 0),
(2900, 1, 10, 2, 11223344, 0),
(2901, 1, 11, 1, 11223344, 0),
(2902, 1, 11, 2, 11223344, 0),
(2903, 1, 12, 1, 11223344, 0),
(2904, 1, 12, 2, 11223344, 0),
(2905, 2, 1, 1, 11223344, 0),
(2906, 2, 1, 2, 11223344, 0),
(2907, 2, 2, 1, 11223344, 0),
(2908, 2, 2, 2, 11223344, 0),
(2909, 2, 3, 1, 11223344, 0),
(2910, 2, 3, 2, 11223344, 0),
(2911, 2, 4, 1, 11223344, 0),
(2912, 2, 4, 2, 11223344, 0),
(2913, 2, 5, 1, 11223344, 0),
(2914, 2, 5, 2, 11223344, 0),
(2915, 2, 6, 1, 11223344, 0),
(2916, 2, 6, 2, 11223344, 0),
(2917, 2, 7, 1, 11223344, 0),
(2918, 2, 7, 2, 11223344, 0),
(2919, 2, 8, 1, 11223344, 0),
(2920, 2, 8, 2, 11223344, 0),
(2921, 2, 9, 1, 11223344, 0),
(2922, 2, 9, 2, 11223344, 0),
(2923, 2, 10, 1, 11223344, 0),
(2924, 2, 10, 2, 11223344, 0),
(2925, 2, 11, 1, 11223344, 0),
(2926, 2, 11, 2, 11223344, 0),
(2927, 2, 12, 1, 11223344, 0),
(2928, 2, 12, 2, 11223344, 0),
(2929, 3, 1, 1, 11223344, 0),
(2930, 3, 1, 2, 11223344, 0),
(2931, 3, 2, 1, 11223344, 0),
(2932, 3, 2, 2, 11223344, 0),
(2933, 3, 3, 1, 11223344, 0),
(2934, 3, 3, 2, 11223344, 0),
(2935, 3, 4, 1, 11223344, 0),
(2936, 3, 4, 2, 11223344, 0),
(2937, 3, 5, 1, 11223344, 0),
(2938, 3, 5, 2, 11223344, 0),
(2939, 3, 6, 1, 11223344, 0),
(2940, 3, 6, 2, 11223344, 0),
(2941, 3, 7, 1, 11223344, 0),
(2942, 3, 7, 2, 11223344, 0),
(2943, 3, 8, 1, 11223344, 0),
(2944, 3, 8, 2, 11223344, 0),
(2945, 3, 9, 1, 11223344, 0),
(2946, 3, 9, 2, 11223344, 0),
(2947, 3, 10, 1, 11223344, 0),
(2948, 3, 10, 2, 11223344, 0),
(2949, 3, 11, 1, 11223344, 0),
(2950, 3, 11, 2, 11223344, 0),
(2951, 3, 12, 1, 11223344, 0),
(2952, 3, 12, 2, 11223344, 0),
(2953, 4, 1, 1, 11223344, 0),
(2954, 4, 1, 2, 11223344, 0),
(2955, 4, 2, 1, 11223344, 0),
(2956, 4, 2, 2, 11223344, 0),
(2957, 4, 3, 1, 11223344, 0),
(2958, 4, 3, 2, 11223344, 0),
(2959, 4, 4, 1, 11223344, 0),
(2960, 4, 4, 2, 11223344, 0),
(2961, 4, 5, 1, 11223344, 0),
(2962, 4, 5, 2, 11223344, 0),
(2963, 4, 6, 1, 11223344, 0),
(2964, 4, 6, 2, 11223344, 0),
(2965, 4, 7, 1, 11223344, 0),
(2966, 4, 7, 2, 11223344, 0),
(2967, 4, 8, 1, 11223344, 0),
(2968, 4, 8, 2, 11223344, 0),
(2969, 4, 9, 1, 11223344, 0),
(2970, 4, 9, 2, 11223344, 0),
(2971, 4, 10, 1, 11223344, 0),
(2972, 4, 10, 2, 11223344, 0),
(2973, 4, 11, 1, 11223344, 0),
(2974, 4, 11, 2, 11223344, 0),
(2975, 4, 12, 1, 11223344, 0),
(2976, 4, 12, 2, 11223344, 0),
(2977, 5, 1, 1, 11223344, 0),
(2978, 5, 1, 2, 11223344, 0),
(2979, 5, 2, 1, 11223344, 0),
(2980, 5, 2, 2, 11223344, 0),
(2981, 5, 3, 1, 11223344, 0),
(2982, 5, 3, 2, 11223344, 0),
(2983, 5, 4, 1, 11223344, 0),
(2984, 5, 4, 2, 11223344, 0),
(2985, 5, 5, 1, 11223344, 0),
(2986, 5, 5, 2, 11223344, 0),
(2987, 5, 6, 1, 11223344, 0),
(2988, 5, 6, 2, 11223344, 0),
(2989, 5, 7, 1, 11223344, 0),
(2990, 5, 7, 2, 11223344, 0),
(2991, 5, 8, 1, 11223344, 0),
(2992, 5, 8, 2, 11223344, 0),
(2993, 5, 9, 1, 11223344, 0),
(2994, 5, 9, 2, 11223344, 0),
(2995, 5, 10, 1, 11223344, 0),
(2996, 5, 10, 2, 11223344, 0),
(2997, 5, 11, 1, 11223344, 0),
(2998, 5, 11, 2, 11223344, 0),
(2999, 5, 12, 1, 11223344, 0),
(3000, 5, 12, 2, 11223344, 0),
(3001, 6, 1, 1, 11223344, 0),
(3002, 6, 1, 2, 11223344, 0),
(3003, 6, 2, 1, 11223344, 0),
(3004, 6, 2, 2, 11223344, 0),
(3005, 6, 3, 1, 11223344, 0),
(3006, 6, 3, 2, 11223344, 0),
(3007, 6, 4, 1, 11223344, 0),
(3008, 6, 4, 2, 11223344, 0),
(3009, 6, 5, 1, 11223344, 0),
(3010, 6, 5, 2, 11223344, 0),
(3011, 6, 6, 1, 11223344, 0),
(3012, 6, 6, 2, 11223344, 0),
(3013, 6, 7, 1, 11223344, 0),
(3014, 6, 7, 2, 11223344, 0),
(3015, 6, 8, 1, 11223344, 0),
(3016, 6, 8, 2, 11223344, 0),
(3017, 6, 9, 1, 11223344, 0),
(3018, 6, 9, 2, 11223344, 0),
(3019, 6, 10, 1, 11223344, 0),
(3020, 6, 10, 2, 11223344, 0),
(3021, 6, 11, 1, 11223344, 0),
(3022, 6, 11, 2, 11223344, 0),
(3023, 6, 12, 1, 11223344, 0),
(3024, 6, 12, 2, 11223344, 0),
(3025, 7, 1, 1, 11223344, 0),
(3026, 7, 1, 2, 11223344, 0),
(3027, 7, 2, 1, 11223344, 0),
(3028, 7, 2, 2, 11223344, 0),
(3029, 7, 3, 1, 11223344, 0),
(3030, 7, 3, 2, 11223344, 0),
(3031, 7, 4, 1, 11223344, 0),
(3032, 7, 4, 2, 11223344, 0),
(3033, 7, 5, 1, 11223344, 0),
(3034, 7, 5, 2, 11223344, 0),
(3035, 7, 6, 1, 11223344, 0),
(3036, 7, 6, 2, 11223344, 0),
(3037, 7, 7, 1, 11223344, 0),
(3038, 7, 7, 2, 11223344, 0),
(3039, 7, 8, 1, 11223344, 0),
(3040, 7, 8, 2, 11223344, 0),
(3041, 7, 9, 1, 11223344, 0),
(3042, 7, 9, 2, 11223344, 0),
(3043, 7, 10, 1, 11223344, 0),
(3044, 7, 10, 2, 11223344, 0),
(3045, 7, 11, 1, 11223344, 0),
(3046, 7, 11, 2, 11223344, 0),
(3047, 7, 12, 1, 11223344, 0),
(3048, 7, 12, 2, 11223344, 0),
(3058, 1, 1, 1, 22548568, 0),
(3059, 1, 1, 2, 22548568, 0),
(3060, 1, 2, 1, 22548568, 0),
(3061, 1, 2, 2, 22548568, 0),
(3062, 1, 3, 1, 22548568, 0),
(3063, 1, 3, 2, 22548568, 0),
(3064, 1, 4, 1, 22548568, 0),
(3065, 1, 4, 2, 22548568, 0),
(3066, 1, 5, 1, 22548568, 0),
(3067, 1, 5, 2, 22548568, 0),
(3068, 1, 6, 1, 22548568, 0),
(3069, 1, 6, 2, 22548568, 0),
(3070, 1, 7, 1, 22548568, 0),
(3071, 1, 7, 2, 22548568, 0),
(3072, 1, 8, 1, 22548568, 0),
(3073, 1, 8, 2, 22548568, 0),
(3074, 1, 9, 1, 22548568, 0),
(3075, 1, 9, 2, 22548568, 0),
(3076, 1, 10, 1, 22548568, 0),
(3077, 1, 10, 2, 22548568, 0),
(3078, 1, 11, 1, 22548568, 0),
(3079, 1, 11, 2, 22548568, 0),
(3080, 1, 12, 1, 22548568, 0),
(3081, 1, 12, 2, 22548568, 0),
(3082, 2, 1, 1, 22548568, 0),
(3083, 2, 1, 2, 22548568, 0),
(3084, 2, 2, 1, 22548568, 0),
(3085, 2, 2, 2, 22548568, 0),
(3086, 2, 3, 1, 22548568, 0),
(3087, 2, 3, 2, 22548568, 0),
(3088, 2, 4, 1, 22548568, 0),
(3089, 2, 4, 2, 22548568, 0),
(3090, 2, 5, 1, 22548568, 0),
(3091, 2, 5, 2, 22548568, 0),
(3092, 2, 6, 1, 22548568, 0),
(3093, 2, 6, 2, 22548568, 0),
(3094, 2, 7, 1, 22548568, 0),
(3095, 2, 7, 2, 22548568, 0),
(3096, 2, 8, 1, 22548568, 0),
(3097, 2, 8, 2, 22548568, 0),
(3098, 2, 9, 1, 22548568, 0),
(3099, 2, 9, 2, 22548568, 0),
(3100, 2, 10, 1, 22548568, 0),
(3101, 2, 10, 2, 22548568, 0),
(3102, 2, 11, 1, 22548568, 0),
(3103, 2, 11, 2, 22548568, 0),
(3104, 2, 12, 1, 22548568, 0),
(3105, 2, 12, 2, 22548568, 0),
(3106, 3, 1, 1, 22548568, 0),
(3107, 3, 1, 2, 22548568, 0),
(3108, 3, 2, 1, 22548568, 0),
(3109, 3, 2, 2, 22548568, 0),
(3110, 3, 3, 1, 22548568, 0),
(3111, 3, 3, 2, 22548568, 0),
(3112, 3, 4, 1, 22548568, 0),
(3113, 3, 4, 2, 22548568, 0),
(3114, 3, 5, 1, 22548568, 0),
(3115, 3, 5, 2, 22548568, 0),
(3116, 3, 6, 1, 22548568, 0),
(3117, 3, 6, 2, 22548568, 0),
(3118, 3, 7, 1, 22548568, 0),
(3119, 3, 7, 2, 22548568, 0),
(3120, 3, 8, 1, 22548568, 0),
(3121, 3, 8, 2, 22548568, 0),
(3122, 3, 9, 1, 22548568, 0),
(3123, 3, 9, 2, 22548568, 0),
(3124, 3, 10, 1, 22548568, 0),
(3125, 3, 10, 2, 22548568, 0),
(3126, 3, 11, 1, 22548568, 0),
(3127, 3, 11, 2, 22548568, 0),
(3128, 3, 12, 1, 22548568, 0),
(3129, 3, 12, 2, 22548568, 0),
(3130, 4, 1, 1, 22548568, 0),
(3131, 4, 1, 2, 22548568, 0),
(3132, 4, 2, 1, 22548568, 0),
(3133, 4, 2, 2, 22548568, 0),
(3134, 4, 3, 1, 22548568, 0),
(3135, 4, 3, 2, 22548568, 0),
(3136, 4, 4, 1, 22548568, 0),
(3137, 4, 4, 2, 22548568, 0),
(3138, 4, 5, 1, 22548568, 0),
(3139, 4, 5, 2, 22548568, 0),
(3140, 4, 6, 1, 22548568, 0),
(3141, 4, 6, 2, 22548568, 0),
(3142, 4, 7, 1, 22548568, 0),
(3143, 4, 7, 2, 22548568, 0),
(3144, 4, 8, 1, 22548568, 0),
(3145, 4, 8, 2, 22548568, 0),
(3146, 4, 9, 1, 22548568, 0),
(3147, 4, 9, 2, 22548568, 0),
(3148, 4, 10, 1, 22548568, 0),
(3149, 4, 10, 2, 22548568, 0),
(3150, 4, 11, 1, 22548568, 0),
(3151, 4, 11, 2, 22548568, 0),
(3152, 4, 12, 1, 22548568, 0),
(3153, 4, 12, 2, 22548568, 0),
(3154, 5, 1, 1, 22548568, 0),
(3155, 5, 1, 2, 22548568, 0),
(3156, 5, 2, 1, 22548568, 0),
(3157, 5, 2, 2, 22548568, 0),
(3158, 5, 3, 1, 22548568, 0),
(3159, 5, 3, 2, 22548568, 0),
(3160, 5, 4, 1, 22548568, 0),
(3161, 5, 4, 2, 22548568, 0),
(3162, 5, 5, 1, 22548568, 0),
(3163, 5, 5, 2, 22548568, 0),
(3164, 5, 6, 1, 22548568, 0),
(3165, 5, 6, 2, 22548568, 0),
(3166, 5, 7, 1, 22548568, 0),
(3167, 5, 7, 2, 22548568, 0),
(3168, 5, 8, 1, 22548568, 0),
(3169, 5, 8, 2, 22548568, 0),
(3170, 5, 9, 1, 22548568, 0),
(3171, 5, 9, 2, 22548568, 0),
(3172, 5, 10, 1, 22548568, 0),
(3173, 5, 10, 2, 22548568, 0),
(3174, 5, 11, 1, 22548568, 0),
(3175, 5, 11, 2, 22548568, 0),
(3176, 5, 12, 1, 22548568, 0),
(3177, 5, 12, 2, 22548568, 0),
(3178, 6, 1, 1, 22548568, 0),
(3179, 6, 1, 2, 22548568, 0),
(3180, 6, 2, 1, 22548568, 0),
(3181, 6, 2, 2, 22548568, 0),
(3182, 6, 3, 1, 22548568, 0),
(3183, 6, 3, 2, 22548568, 0),
(3184, 6, 4, 1, 22548568, 0),
(3185, 6, 4, 2, 22548568, 0),
(3186, 6, 5, 1, 22548568, 0),
(3187, 6, 5, 2, 22548568, 0),
(3188, 6, 6, 1, 22548568, 0),
(3189, 6, 6, 2, 22548568, 0),
(3190, 6, 7, 1, 22548568, 0),
(3191, 6, 7, 2, 22548568, 0),
(3192, 6, 8, 1, 22548568, 0),
(3193, 6, 8, 2, 22548568, 0),
(3194, 6, 9, 1, 22548568, 0),
(3195, 6, 9, 2, 22548568, 0),
(3196, 6, 10, 1, 22548568, 0),
(3197, 6, 10, 2, 22548568, 0),
(3198, 6, 11, 1, 22548568, 0),
(3199, 6, 11, 2, 22548568, 0),
(3200, 6, 12, 1, 22548568, 0),
(3201, 6, 12, 2, 22548568, 0),
(3202, 7, 1, 1, 22548568, 0),
(3203, 7, 1, 2, 22548568, 0),
(3204, 7, 2, 1, 22548568, 0),
(3205, 7, 2, 2, 22548568, 0),
(3206, 7, 3, 1, 22548568, 0),
(3207, 7, 3, 2, 22548568, 0),
(3208, 7, 4, 1, 22548568, 0),
(3209, 7, 4, 2, 22548568, 0),
(3210, 7, 5, 1, 22548568, 0),
(3211, 7, 5, 2, 22548568, 0),
(3212, 7, 6, 1, 22548568, 0),
(3213, 7, 6, 2, 22548568, 0),
(3214, 7, 7, 1, 22548568, 0),
(3215, 7, 7, 2, 22548568, 0),
(3216, 7, 8, 1, 22548568, 0),
(3217, 7, 8, 2, 22548568, 0),
(3218, 7, 9, 1, 22548568, 0),
(3219, 7, 9, 2, 22548568, 0),
(3220, 7, 10, 1, 22548568, 0),
(3221, 7, 10, 2, 22548568, 0),
(3222, 7, 11, 1, 22548568, 0),
(3223, 7, 11, 2, 22548568, 0),
(3224, 7, 12, 1, 22548568, 0),
(3225, 7, 12, 2, 22548568, 0),
(3226, 8, 1, 1, 22548568, 0),
(3227, 8, 1, 2, 22548568, 0),
(3228, 8, 2, 1, 22548568, 0),
(3229, 8, 2, 2, 22548568, 0),
(3230, 8, 3, 1, 22548568, 0),
(3231, 8, 3, 2, 22548568, 0),
(3232, 8, 4, 1, 22548568, 0),
(3233, 8, 4, 2, 22548568, 0),
(3234, 8, 5, 1, 22548568, 0),
(3235, 8, 5, 2, 22548568, 0),
(3236, 8, 6, 1, 22548568, 0),
(3237, 8, 6, 2, 22548568, 0),
(3238, 8, 7, 1, 22548568, 0),
(3239, 8, 7, 2, 22548568, 0),
(3240, 8, 8, 1, 22548568, 0),
(3241, 8, 8, 2, 22548568, 0),
(3242, 8, 9, 1, 22548568, 0),
(3243, 8, 9, 2, 22548568, 0),
(3244, 8, 10, 1, 22548568, 0),
(3245, 8, 10, 2, 22548568, 0),
(3246, 8, 11, 1, 22548568, 0),
(3247, 8, 11, 2, 22548568, 0),
(3248, 8, 12, 1, 22548568, 0),
(3249, 8, 12, 2, 22548568, 0),
(3283, 8, 1, 1, 236401001, 0),
(3284, 8, 1, 1, 236401002, 0),
(3285, 8, 1, 1, 236401003, 0),
(3286, 8, 1, 1, 236401004, 0),
(3287, 8, 1, 1, 236401005, 0),
(3288, 8, 1, 1, 236401006, 0),
(3289, 8, 1, 1, 236401007, 0),
(3290, 8, 1, 1, 236401008, 0),
(3292, 8, 2, 1, 236401001, 0),
(3293, 8, 2, 1, 236401002, 0),
(3294, 8, 2, 1, 236401003, 0),
(3295, 8, 2, 1, 236401004, 0),
(3296, 8, 2, 1, 236401005, 0),
(3297, 8, 2, 1, 236401006, 0),
(3298, 8, 2, 1, 236401007, 0),
(3299, 8, 2, 1, 236401008, 0),
(3301, 8, 3, 1, 236401001, 0),
(3302, 8, 3, 1, 236401002, 99),
(3303, 8, 3, 1, 236401003, 0),
(3304, 8, 3, 1, 236401004, 0),
(3305, 8, 3, 1, 236401005, 0),
(3306, 8, 3, 1, 236401006, 0),
(3307, 8, 3, 1, 236401007, 0),
(3308, 8, 3, 1, 236401008, 0),
(3310, 8, 4, 1, 236401001, 0),
(3311, 8, 4, 1, 236401002, 0),
(3312, 8, 4, 1, 236401003, 0),
(3313, 8, 4, 1, 236401004, 0),
(3314, 8, 4, 1, 236401005, 0),
(3315, 8, 4, 1, 236401006, 0),
(3316, 8, 4, 1, 236401007, 0),
(3317, 8, 4, 1, 236401008, 0),
(3319, 8, 5, 1, 236401001, 0),
(3320, 8, 5, 1, 236401002, 0),
(3321, 8, 5, 1, 236401003, 0),
(3322, 8, 5, 1, 236401004, 0),
(3323, 8, 5, 1, 236401005, 0),
(3324, 8, 5, 1, 236401006, 0),
(3325, 8, 5, 1, 236401007, 0),
(3326, 8, 5, 1, 236401008, 0),
(3328, 8, 6, 1, 236401001, 0),
(3329, 8, 6, 1, 236401002, 0),
(3330, 8, 6, 1, 236401003, 0),
(3331, 8, 6, 1, 236401004, 0),
(3332, 8, 6, 1, 236401005, 0),
(3333, 8, 6, 1, 236401006, 0),
(3334, 8, 6, 1, 236401007, 0),
(3335, 8, 6, 1, 236401008, 0),
(3337, 8, 7, 1, 236401001, 0),
(3338, 8, 7, 1, 236401002, 0),
(3339, 8, 7, 1, 236401003, 0),
(3340, 8, 7, 1, 236401004, 0);
INSERT INTO `tb_nilai` (`id`, `id_mapel`, `id_jenis`, `id_kategori`, `nis`, `nilai`) VALUES
(3341, 8, 7, 1, 236401005, 0),
(3342, 8, 7, 1, 236401006, 0),
(3343, 8, 7, 1, 236401007, 0),
(3344, 8, 7, 1, 236401008, 0),
(3346, 8, 8, 1, 236401001, 0),
(3347, 8, 8, 1, 236401002, 0),
(3348, 8, 8, 1, 236401003, 0),
(3349, 8, 8, 1, 236401004, 0),
(3350, 8, 8, 1, 236401005, 0),
(3351, 8, 8, 1, 236401006, 0),
(3352, 8, 8, 1, 236401007, 0),
(3353, 8, 8, 1, 236401008, 0),
(3355, 8, 9, 1, 236401001, 0),
(3356, 8, 9, 1, 236401002, 0),
(3357, 8, 9, 1, 236401003, 0),
(3358, 8, 9, 1, 236401004, 0),
(3359, 8, 9, 1, 236401005, 0),
(3360, 8, 9, 1, 236401006, 0),
(3361, 8, 9, 1, 236401007, 0),
(3362, 8, 9, 1, 236401008, 0),
(3364, 8, 10, 1, 236401001, 0),
(3365, 8, 10, 1, 236401002, 0),
(3366, 8, 10, 1, 236401003, 0),
(3367, 8, 10, 1, 236401004, 0),
(3368, 8, 10, 1, 236401005, 0),
(3369, 8, 10, 1, 236401006, 0),
(3370, 8, 10, 1, 236401007, 0),
(3371, 8, 10, 1, 236401008, 0),
(3373, 8, 11, 1, 236401001, 0),
(3374, 8, 11, 1, 236401002, 0),
(3375, 8, 11, 1, 236401003, 0),
(3376, 8, 11, 1, 236401004, 0),
(3377, 8, 11, 1, 236401005, 0),
(3378, 8, 11, 1, 236401006, 0),
(3379, 8, 11, 1, 236401007, 0),
(3380, 8, 11, 1, 236401008, 0),
(3382, 8, 12, 1, 236401001, 0),
(3383, 8, 12, 1, 236401002, 0),
(3384, 8, 12, 1, 236401003, 0),
(3385, 8, 12, 1, 236401004, 0),
(3386, 8, 12, 1, 236401005, 0),
(3387, 8, 12, 1, 236401006, 0),
(3388, 8, 12, 1, 236401007, 0),
(3389, 8, 12, 1, 236401008, 0),
(3391, 8, 1, 2, 236401001, 0),
(3392, 8, 1, 2, 236401002, 0),
(3393, 8, 1, 2, 236401003, 0),
(3394, 8, 1, 2, 236401004, 0),
(3395, 8, 1, 2, 236401005, 0),
(3396, 8, 1, 2, 236401006, 0),
(3397, 8, 1, 2, 236401007, 0),
(3398, 8, 1, 2, 236401008, 0),
(3400, 8, 2, 2, 236401001, 0),
(3401, 8, 2, 2, 236401002, 0),
(3402, 8, 2, 2, 236401003, 0),
(3403, 8, 2, 2, 236401004, 0),
(3404, 8, 2, 2, 236401005, 0),
(3405, 8, 2, 2, 236401006, 0),
(3406, 8, 2, 2, 236401007, 0),
(3407, 8, 2, 2, 236401008, 0),
(3409, 8, 3, 2, 236401001, 0),
(3410, 8, 3, 2, 236401002, 0),
(3411, 8, 3, 2, 236401003, 0),
(3412, 8, 3, 2, 236401004, 0),
(3413, 8, 3, 2, 236401005, 0),
(3414, 8, 3, 2, 236401006, 0),
(3415, 8, 3, 2, 236401007, 0),
(3416, 8, 3, 2, 236401008, 0),
(3418, 8, 4, 2, 236401001, 0),
(3419, 8, 4, 2, 236401002, 0),
(3420, 8, 4, 2, 236401003, 0),
(3421, 8, 4, 2, 236401004, 0),
(3422, 8, 4, 2, 236401005, 0),
(3423, 8, 4, 2, 236401006, 0),
(3424, 8, 4, 2, 236401007, 0),
(3425, 8, 4, 2, 236401008, 0),
(3427, 8, 5, 2, 236401001, 0),
(3428, 8, 5, 2, 236401002, 0),
(3429, 8, 5, 2, 236401003, 0),
(3430, 8, 5, 2, 236401004, 0),
(3431, 8, 5, 2, 236401005, 0),
(3432, 8, 5, 2, 236401006, 0),
(3433, 8, 5, 2, 236401007, 0),
(3434, 8, 5, 2, 236401008, 0),
(3436, 8, 6, 2, 236401001, 0),
(3437, 8, 6, 2, 236401002, 0),
(3438, 8, 6, 2, 236401003, 0),
(3439, 8, 6, 2, 236401004, 0),
(3440, 8, 6, 2, 236401005, 0),
(3441, 8, 6, 2, 236401006, 0),
(3442, 8, 6, 2, 236401007, 0),
(3443, 8, 6, 2, 236401008, 0),
(3445, 8, 7, 2, 236401001, 0),
(3446, 8, 7, 2, 236401002, 0),
(3447, 8, 7, 2, 236401003, 0),
(3448, 8, 7, 2, 236401004, 0),
(3449, 8, 7, 2, 236401005, 0),
(3450, 8, 7, 2, 236401006, 0),
(3451, 8, 7, 2, 236401007, 0),
(3452, 8, 7, 2, 236401008, 0),
(3454, 8, 8, 2, 236401001, 0),
(3455, 8, 8, 2, 236401002, 0),
(3456, 8, 8, 2, 236401003, 0),
(3457, 8, 8, 2, 236401004, 0),
(3458, 8, 8, 2, 236401005, 0),
(3459, 8, 8, 2, 236401006, 0),
(3460, 8, 8, 2, 236401007, 0),
(3461, 8, 8, 2, 236401008, 0),
(3463, 8, 9, 2, 236401001, 0),
(3464, 8, 9, 2, 236401002, 0),
(3465, 8, 9, 2, 236401003, 0),
(3466, 8, 9, 2, 236401004, 0),
(3467, 8, 9, 2, 236401005, 0),
(3468, 8, 9, 2, 236401006, 0),
(3469, 8, 9, 2, 236401007, 0),
(3470, 8, 9, 2, 236401008, 0),
(3472, 8, 10, 2, 236401001, 0),
(3473, 8, 10, 2, 236401002, 0),
(3474, 8, 10, 2, 236401003, 0),
(3475, 8, 10, 2, 236401004, 0),
(3476, 8, 10, 2, 236401005, 0),
(3477, 8, 10, 2, 236401006, 0),
(3478, 8, 10, 2, 236401007, 0),
(3479, 8, 10, 2, 236401008, 0),
(3481, 8, 11, 2, 236401001, 0),
(3482, 8, 11, 2, 236401002, 0),
(3483, 8, 11, 2, 236401003, 0),
(3484, 8, 11, 2, 236401004, 0),
(3485, 8, 11, 2, 236401005, 0),
(3486, 8, 11, 2, 236401006, 0),
(3487, 8, 11, 2, 236401007, 0),
(3488, 8, 11, 2, 236401008, 0),
(3490, 8, 12, 2, 236401001, 0),
(3491, 8, 12, 2, 236401002, 0),
(3492, 8, 12, 2, 236401003, 0),
(3493, 8, 12, 2, 236401004, 0),
(3494, 8, 12, 2, 236401005, 0),
(3495, 8, 12, 2, 236401006, 0),
(3496, 8, 12, 2, 236401007, 0),
(3497, 8, 12, 2, 236401008, 0),
(3499, 9, 1, 1, 236401001, 0),
(3500, 9, 1, 1, 236401002, 0),
(3501, 9, 1, 1, 236401003, 0),
(3502, 9, 1, 1, 236401004, 0),
(3503, 9, 1, 1, 236401005, 0),
(3504, 9, 1, 1, 236401006, 0),
(3505, 9, 1, 1, 236401007, 0),
(3506, 9, 1, 1, 236401008, 0),
(3508, 9, 2, 1, 236401001, 0),
(3509, 9, 2, 1, 236401002, 0),
(3510, 9, 2, 1, 236401003, 0),
(3511, 9, 2, 1, 236401004, 0),
(3512, 9, 2, 1, 236401005, 0),
(3513, 9, 2, 1, 236401006, 0),
(3514, 9, 2, 1, 236401007, 0),
(3515, 9, 2, 1, 236401008, 0),
(3517, 9, 3, 1, 236401001, 0),
(3518, 9, 3, 1, 236401002, 0),
(3519, 9, 3, 1, 236401003, 0),
(3520, 9, 3, 1, 236401004, 0),
(3521, 9, 3, 1, 236401005, 0),
(3522, 9, 3, 1, 236401006, 0),
(3523, 9, 3, 1, 236401007, 0),
(3524, 9, 3, 1, 236401008, 0),
(3526, 9, 4, 1, 236401001, 0),
(3527, 9, 4, 1, 236401002, 0),
(3528, 9, 4, 1, 236401003, 0),
(3529, 9, 4, 1, 236401004, 0),
(3530, 9, 4, 1, 236401005, 0),
(3531, 9, 4, 1, 236401006, 0),
(3532, 9, 4, 1, 236401007, 0),
(3533, 9, 4, 1, 236401008, 0),
(3535, 9, 5, 1, 236401001, 0),
(3536, 9, 5, 1, 236401002, 0),
(3537, 9, 5, 1, 236401003, 0),
(3538, 9, 5, 1, 236401004, 0),
(3539, 9, 5, 1, 236401005, 0),
(3540, 9, 5, 1, 236401006, 0),
(3541, 9, 5, 1, 236401007, 0),
(3542, 9, 5, 1, 236401008, 0),
(3544, 9, 6, 1, 236401001, 0),
(3545, 9, 6, 1, 236401002, 0),
(3546, 9, 6, 1, 236401003, 0),
(3547, 9, 6, 1, 236401004, 0),
(3548, 9, 6, 1, 236401005, 0),
(3549, 9, 6, 1, 236401006, 0),
(3550, 9, 6, 1, 236401007, 0),
(3551, 9, 6, 1, 236401008, 0),
(3553, 9, 7, 1, 236401001, 0),
(3554, 9, 7, 1, 236401002, 0),
(3555, 9, 7, 1, 236401003, 0),
(3556, 9, 7, 1, 236401004, 0),
(3557, 9, 7, 1, 236401005, 0),
(3558, 9, 7, 1, 236401006, 0),
(3559, 9, 7, 1, 236401007, 0),
(3560, 9, 7, 1, 236401008, 0),
(3562, 9, 8, 1, 236401001, 0),
(3563, 9, 8, 1, 236401002, 0),
(3564, 9, 8, 1, 236401003, 0),
(3565, 9, 8, 1, 236401004, 0),
(3566, 9, 8, 1, 236401005, 0),
(3567, 9, 8, 1, 236401006, 0),
(3568, 9, 8, 1, 236401007, 0),
(3569, 9, 8, 1, 236401008, 0),
(3571, 9, 9, 1, 236401001, 0),
(3572, 9, 9, 1, 236401002, 0),
(3573, 9, 9, 1, 236401003, 0),
(3574, 9, 9, 1, 236401004, 0),
(3575, 9, 9, 1, 236401005, 0),
(3576, 9, 9, 1, 236401006, 0),
(3577, 9, 9, 1, 236401007, 0),
(3578, 9, 9, 1, 236401008, 0),
(3580, 9, 10, 1, 236401001, 0),
(3581, 9, 10, 1, 236401002, 0),
(3582, 9, 10, 1, 236401003, 0),
(3583, 9, 10, 1, 236401004, 0),
(3584, 9, 10, 1, 236401005, 0),
(3585, 9, 10, 1, 236401006, 0),
(3586, 9, 10, 1, 236401007, 0),
(3587, 9, 10, 1, 236401008, 0),
(3589, 9, 11, 1, 236401001, 0),
(3590, 9, 11, 1, 236401002, 0),
(3591, 9, 11, 1, 236401003, 0),
(3592, 9, 11, 1, 236401004, 0),
(3593, 9, 11, 1, 236401005, 0),
(3594, 9, 11, 1, 236401006, 0),
(3595, 9, 11, 1, 236401007, 0),
(3596, 9, 11, 1, 236401008, 0),
(3598, 9, 12, 1, 236401001, 0),
(3599, 9, 12, 1, 236401002, 0),
(3600, 9, 12, 1, 236401003, 0),
(3601, 9, 12, 1, 236401004, 0),
(3602, 9, 12, 1, 236401005, 0),
(3603, 9, 12, 1, 236401006, 0),
(3604, 9, 12, 1, 236401007, 0),
(3605, 9, 12, 1, 236401008, 0),
(3607, 9, 1, 2, 236401001, 0),
(3608, 9, 1, 2, 236401002, 0),
(3609, 9, 1, 2, 236401003, 0),
(3610, 9, 1, 2, 236401004, 0),
(3611, 9, 1, 2, 236401005, 0),
(3612, 9, 1, 2, 236401006, 0),
(3613, 9, 1, 2, 236401007, 0),
(3614, 9, 1, 2, 236401008, 0),
(3616, 9, 2, 2, 236401001, 0),
(3617, 9, 2, 2, 236401002, 80),
(3618, 9, 2, 2, 236401003, 0),
(3619, 9, 2, 2, 236401004, 0),
(3620, 9, 2, 2, 236401005, 0),
(3621, 9, 2, 2, 236401006, 0),
(3622, 9, 2, 2, 236401007, 0),
(3623, 9, 2, 2, 236401008, 0),
(3625, 9, 3, 2, 236401001, 0),
(3626, 9, 3, 2, 236401002, 0),
(3627, 9, 3, 2, 236401003, 0),
(3628, 9, 3, 2, 236401004, 0),
(3629, 9, 3, 2, 236401005, 0),
(3630, 9, 3, 2, 236401006, 0),
(3631, 9, 3, 2, 236401007, 0),
(3632, 9, 3, 2, 236401008, 0),
(3634, 9, 4, 2, 236401001, 0),
(3635, 9, 4, 2, 236401002, 0),
(3636, 9, 4, 2, 236401003, 0),
(3637, 9, 4, 2, 236401004, 0),
(3638, 9, 4, 2, 236401005, 0),
(3639, 9, 4, 2, 236401006, 0),
(3640, 9, 4, 2, 236401007, 0),
(3641, 9, 4, 2, 236401008, 0),
(3643, 9, 5, 2, 236401001, 0),
(3644, 9, 5, 2, 236401002, 0),
(3645, 9, 5, 2, 236401003, 0),
(3646, 9, 5, 2, 236401004, 0),
(3647, 9, 5, 2, 236401005, 0),
(3648, 9, 5, 2, 236401006, 0),
(3649, 9, 5, 2, 236401007, 0),
(3650, 9, 5, 2, 236401008, 0),
(3652, 9, 6, 2, 236401001, 0),
(3653, 9, 6, 2, 236401002, 0),
(3654, 9, 6, 2, 236401003, 0),
(3655, 9, 6, 2, 236401004, 0),
(3656, 9, 6, 2, 236401005, 0),
(3657, 9, 6, 2, 236401006, 0),
(3658, 9, 6, 2, 236401007, 0),
(3659, 9, 6, 2, 236401008, 0),
(3661, 9, 7, 2, 236401001, 0),
(3662, 9, 7, 2, 236401002, 0),
(3663, 9, 7, 2, 236401003, 0),
(3664, 9, 7, 2, 236401004, 0),
(3665, 9, 7, 2, 236401005, 0),
(3666, 9, 7, 2, 236401006, 0),
(3667, 9, 7, 2, 236401007, 0),
(3668, 9, 7, 2, 236401008, 0),
(3670, 9, 8, 2, 236401001, 0),
(3671, 9, 8, 2, 236401002, 0),
(3672, 9, 8, 2, 236401003, 0),
(3673, 9, 8, 2, 236401004, 0),
(3674, 9, 8, 2, 236401005, 0),
(3675, 9, 8, 2, 236401006, 0),
(3676, 9, 8, 2, 236401007, 0),
(3677, 9, 8, 2, 236401008, 0),
(3679, 9, 9, 2, 236401001, 0),
(3680, 9, 9, 2, 236401002, 0),
(3681, 9, 9, 2, 236401003, 0),
(3682, 9, 9, 2, 236401004, 0),
(3683, 9, 9, 2, 236401005, 0),
(3684, 9, 9, 2, 236401006, 0),
(3685, 9, 9, 2, 236401007, 0),
(3686, 9, 9, 2, 236401008, 0),
(3688, 9, 10, 2, 236401001, 0),
(3689, 9, 10, 2, 236401002, 0),
(3690, 9, 10, 2, 236401003, 0),
(3691, 9, 10, 2, 236401004, 0),
(3692, 9, 10, 2, 236401005, 0),
(3693, 9, 10, 2, 236401006, 0),
(3694, 9, 10, 2, 236401007, 0),
(3695, 9, 10, 2, 236401008, 0),
(3697, 9, 11, 2, 236401001, 0),
(3698, 9, 11, 2, 236401002, 0),
(3699, 9, 11, 2, 236401003, 0),
(3700, 9, 11, 2, 236401004, 0),
(3701, 9, 11, 2, 236401005, 0),
(3702, 9, 11, 2, 236401006, 0),
(3703, 9, 11, 2, 236401007, 0),
(3704, 9, 11, 2, 236401008, 0),
(3706, 9, 12, 2, 236401001, 0),
(3707, 9, 12, 2, 236401002, 0),
(3708, 9, 12, 2, 236401003, 0),
(3709, 9, 12, 2, 236401004, 0),
(3710, 9, 12, 2, 236401005, 0),
(3711, 9, 12, 2, 236401006, 0),
(3712, 9, 12, 2, 236401007, 0),
(3713, 9, 12, 2, 236401008, 0),
(3931, 1, 1, 1, 236401010, 0),
(3932, 1, 1, 2, 236401010, 0),
(3933, 1, 2, 1, 236401010, 0),
(3934, 1, 2, 2, 236401010, 0),
(3935, 1, 3, 1, 236401010, 0),
(3936, 1, 3, 2, 236401010, 0),
(3937, 1, 4, 1, 236401010, 0),
(3938, 1, 4, 2, 236401010, 0),
(3939, 1, 5, 1, 236401010, 0),
(3940, 1, 5, 2, 236401010, 0),
(3941, 1, 6, 1, 236401010, 0),
(3942, 1, 6, 2, 236401010, 0),
(3943, 1, 7, 1, 236401010, 0),
(3944, 1, 7, 2, 236401010, 0),
(3945, 1, 8, 1, 236401010, 0),
(3946, 1, 8, 2, 236401010, 0),
(3947, 1, 9, 1, 236401010, 0),
(3948, 1, 9, 2, 236401010, 0),
(3949, 1, 10, 1, 236401010, 0),
(3950, 1, 10, 2, 236401010, 0),
(3951, 1, 11, 1, 236401010, 0),
(3952, 1, 11, 2, 236401010, 0),
(3953, 1, 12, 1, 236401010, 0),
(3954, 1, 12, 2, 236401010, 0),
(3955, 2, 1, 1, 236401010, 0),
(3956, 2, 1, 2, 236401010, 0),
(3957, 2, 2, 1, 236401010, 0),
(3958, 2, 2, 2, 236401010, 0),
(3959, 2, 3, 1, 236401010, 0),
(3960, 2, 3, 2, 236401010, 0),
(3961, 2, 4, 1, 236401010, 0),
(3962, 2, 4, 2, 236401010, 0),
(3963, 2, 5, 1, 236401010, 0),
(3964, 2, 5, 2, 236401010, 0),
(3965, 2, 6, 1, 236401010, 0),
(3966, 2, 6, 2, 236401010, 0),
(3967, 2, 7, 1, 236401010, 0),
(3968, 2, 7, 2, 236401010, 0),
(3969, 2, 8, 1, 236401010, 0),
(3970, 2, 8, 2, 236401010, 0),
(3971, 2, 9, 1, 236401010, 0),
(3972, 2, 9, 2, 236401010, 0),
(3973, 2, 10, 1, 236401010, 0),
(3974, 2, 10, 2, 236401010, 0),
(3975, 2, 11, 1, 236401010, 0),
(3976, 2, 11, 2, 236401010, 0),
(3977, 2, 12, 1, 236401010, 0),
(3978, 2, 12, 2, 236401010, 0),
(3979, 3, 1, 1, 236401010, 0),
(3980, 3, 1, 2, 236401010, 0),
(3981, 3, 2, 1, 236401010, 0),
(3982, 3, 2, 2, 236401010, 0),
(3983, 3, 3, 1, 236401010, 0),
(3984, 3, 3, 2, 236401010, 0),
(3985, 3, 4, 1, 236401010, 0),
(3986, 3, 4, 2, 236401010, 0),
(3987, 3, 5, 1, 236401010, 0),
(3988, 3, 5, 2, 236401010, 0),
(3989, 3, 6, 1, 236401010, 0),
(3990, 3, 6, 2, 236401010, 0),
(3991, 3, 7, 1, 236401010, 0),
(3992, 3, 7, 2, 236401010, 0),
(3993, 3, 8, 1, 236401010, 0),
(3994, 3, 8, 2, 236401010, 0),
(3995, 3, 9, 1, 236401010, 0),
(3996, 3, 9, 2, 236401010, 0),
(3997, 3, 10, 1, 236401010, 0),
(3998, 3, 10, 2, 236401010, 0),
(3999, 3, 11, 1, 236401010, 0),
(4000, 3, 11, 2, 236401010, 0),
(4001, 3, 12, 1, 236401010, 0),
(4002, 3, 12, 2, 236401010, 0),
(4003, 4, 1, 1, 236401010, 0),
(4004, 4, 1, 2, 236401010, 0),
(4005, 4, 2, 1, 236401010, 0),
(4006, 4, 2, 2, 236401010, 0),
(4007, 4, 3, 1, 236401010, 0),
(4008, 4, 3, 2, 236401010, 0),
(4009, 4, 4, 1, 236401010, 0),
(4010, 4, 4, 2, 236401010, 0),
(4011, 4, 5, 1, 236401010, 0),
(4012, 4, 5, 2, 236401010, 0),
(4013, 4, 6, 1, 236401010, 0),
(4014, 4, 6, 2, 236401010, 0),
(4015, 4, 7, 1, 236401010, 0),
(4016, 4, 7, 2, 236401010, 0),
(4017, 4, 8, 1, 236401010, 0),
(4018, 4, 8, 2, 236401010, 0),
(4019, 4, 9, 1, 236401010, 0),
(4020, 4, 9, 2, 236401010, 0),
(4021, 4, 10, 1, 236401010, 0),
(4022, 4, 10, 2, 236401010, 0),
(4023, 4, 11, 1, 236401010, 0),
(4024, 4, 11, 2, 236401010, 0),
(4025, 4, 12, 1, 236401010, 0),
(4026, 4, 12, 2, 236401010, 0),
(4027, 5, 1, 1, 236401010, 0),
(4028, 5, 1, 2, 236401010, 0),
(4029, 5, 2, 1, 236401010, 0),
(4030, 5, 2, 2, 236401010, 0),
(4031, 5, 3, 1, 236401010, 0),
(4032, 5, 3, 2, 236401010, 0),
(4033, 5, 4, 1, 236401010, 0),
(4034, 5, 4, 2, 236401010, 0),
(4035, 5, 5, 1, 236401010, 0),
(4036, 5, 5, 2, 236401010, 0),
(4037, 5, 6, 1, 236401010, 0),
(4038, 5, 6, 2, 236401010, 0),
(4039, 5, 7, 1, 236401010, 0),
(4040, 5, 7, 2, 236401010, 0),
(4041, 5, 8, 1, 236401010, 0),
(4042, 5, 8, 2, 236401010, 0),
(4043, 5, 9, 1, 236401010, 0),
(4044, 5, 9, 2, 236401010, 0),
(4045, 5, 10, 1, 236401010, 0),
(4046, 5, 10, 2, 236401010, 0),
(4047, 5, 11, 1, 236401010, 0),
(4048, 5, 11, 2, 236401010, 0),
(4049, 5, 12, 1, 236401010, 0),
(4050, 5, 12, 2, 236401010, 0),
(4051, 6, 1, 1, 236401010, 0),
(4052, 6, 1, 2, 236401010, 0),
(4053, 6, 2, 1, 236401010, 0),
(4054, 6, 2, 2, 236401010, 0),
(4055, 6, 3, 1, 236401010, 0),
(4056, 6, 3, 2, 236401010, 0),
(4057, 6, 4, 1, 236401010, 0),
(4058, 6, 4, 2, 236401010, 0),
(4059, 6, 5, 1, 236401010, 0),
(4060, 6, 5, 2, 236401010, 0),
(4061, 6, 6, 1, 236401010, 0),
(4062, 6, 6, 2, 236401010, 0),
(4063, 6, 7, 1, 236401010, 0),
(4064, 6, 7, 2, 236401010, 0),
(4065, 6, 8, 1, 236401010, 0),
(4066, 6, 8, 2, 236401010, 0),
(4067, 6, 9, 1, 236401010, 0),
(4068, 6, 9, 2, 236401010, 0),
(4069, 6, 10, 1, 236401010, 0),
(4070, 6, 10, 2, 236401010, 0),
(4071, 6, 11, 1, 236401010, 0),
(4072, 6, 11, 2, 236401010, 0),
(4073, 6, 12, 1, 236401010, 0),
(4074, 6, 12, 2, 236401010, 0),
(4075, 7, 1, 1, 236401010, 0),
(4076, 7, 1, 2, 236401010, 0),
(4077, 7, 2, 1, 236401010, 0),
(4078, 7, 2, 2, 236401010, 0),
(4079, 7, 3, 1, 236401010, 0),
(4080, 7, 3, 2, 236401010, 0),
(4081, 7, 4, 1, 236401010, 0),
(4082, 7, 4, 2, 236401010, 0),
(4083, 7, 5, 1, 236401010, 0),
(4084, 7, 5, 2, 236401010, 0),
(4085, 7, 6, 1, 236401010, 0),
(4086, 7, 6, 2, 236401010, 0),
(4087, 7, 7, 1, 236401010, 0),
(4088, 7, 7, 2, 236401010, 0),
(4089, 7, 8, 1, 236401010, 0),
(4090, 7, 8, 2, 236401010, 0),
(4091, 7, 9, 1, 236401010, 0),
(4092, 7, 9, 2, 236401010, 0),
(4093, 7, 10, 1, 236401010, 0),
(4094, 7, 10, 2, 236401010, 0),
(4095, 7, 11, 1, 236401010, 0),
(4096, 7, 11, 2, 236401010, 0),
(4097, 7, 12, 1, 236401010, 0),
(4098, 7, 12, 2, 236401010, 0),
(4099, 8, 1, 1, 236401010, 0),
(4100, 8, 1, 2, 236401010, 0),
(4101, 8, 2, 1, 236401010, 0),
(4102, 8, 2, 2, 236401010, 0),
(4103, 8, 3, 1, 236401010, 0),
(4104, 8, 3, 2, 236401010, 0),
(4105, 8, 4, 1, 236401010, 0),
(4106, 8, 4, 2, 236401010, 0),
(4107, 8, 5, 1, 236401010, 0),
(4108, 8, 5, 2, 236401010, 0),
(4109, 8, 6, 1, 236401010, 0),
(4110, 8, 6, 2, 236401010, 0),
(4111, 8, 7, 1, 236401010, 0),
(4112, 8, 7, 2, 236401010, 0),
(4113, 8, 8, 1, 236401010, 0),
(4114, 8, 8, 2, 236401010, 0),
(4115, 8, 9, 1, 236401010, 0),
(4116, 8, 9, 2, 236401010, 0),
(4117, 8, 10, 1, 236401010, 0),
(4118, 8, 10, 2, 236401010, 0),
(4119, 8, 11, 1, 236401010, 0),
(4120, 8, 11, 2, 236401010, 0),
(4121, 8, 12, 1, 236401010, 0),
(4122, 8, 12, 2, 236401010, 0),
(4123, 9, 1, 1, 236401010, 0),
(4124, 9, 1, 2, 236401010, 0),
(4125, 9, 2, 1, 236401010, 0),
(4126, 9, 2, 2, 236401010, 0),
(4127, 9, 3, 1, 236401010, 0),
(4128, 9, 3, 2, 236401010, 0),
(4129, 9, 4, 1, 236401010, 0),
(4130, 9, 4, 2, 236401010, 0),
(4131, 9, 5, 1, 236401010, 0),
(4132, 9, 5, 2, 236401010, 0),
(4133, 9, 6, 1, 236401010, 0),
(4134, 9, 6, 2, 236401010, 0),
(4135, 9, 7, 1, 236401010, 0),
(4136, 9, 7, 2, 236401010, 0),
(4137, 9, 8, 1, 236401010, 0),
(4138, 9, 8, 2, 236401010, 0),
(4139, 9, 9, 1, 236401010, 0),
(4140, 9, 9, 2, 236401010, 0),
(4141, 9, 10, 1, 236401010, 0),
(4142, 9, 10, 2, 236401010, 0),
(4143, 9, 11, 1, 236401010, 0),
(4144, 9, 11, 2, 236401010, 0),
(4145, 9, 12, 1, 236401010, 0),
(4146, 9, 12, 2, 236401010, 0),
(4795, 1, 1, 1, 236401012, 0),
(4796, 1, 1, 2, 236401012, 0),
(4797, 1, 2, 1, 236401012, 0),
(4798, 1, 2, 2, 236401012, 0),
(4799, 1, 3, 1, 236401012, 0),
(4800, 1, 3, 2, 236401012, 0),
(4801, 1, 4, 1, 236401012, 0),
(4802, 1, 4, 2, 236401012, 0),
(4803, 1, 5, 1, 236401012, 0),
(4804, 1, 5, 2, 236401012, 0),
(4805, 1, 6, 1, 236401012, 0),
(4806, 1, 6, 2, 236401012, 0),
(4807, 1, 7, 1, 236401012, 0),
(4808, 1, 7, 2, 236401012, 0),
(4809, 1, 8, 1, 236401012, 0),
(4810, 1, 8, 2, 236401012, 0),
(4811, 1, 9, 1, 236401012, 0),
(4812, 1, 9, 2, 236401012, 0),
(4813, 1, 10, 1, 236401012, 0),
(4814, 1, 10, 2, 236401012, 0),
(4815, 1, 11, 1, 236401012, 0),
(4816, 1, 11, 2, 236401012, 0),
(4817, 1, 12, 1, 236401012, 0),
(4818, 1, 12, 2, 236401012, 0),
(4819, 2, 1, 1, 236401012, 0),
(4820, 2, 1, 2, 236401012, 0),
(4821, 2, 2, 1, 236401012, 0),
(4822, 2, 2, 2, 236401012, 0),
(4823, 2, 3, 1, 236401012, 0),
(4824, 2, 3, 2, 236401012, 0),
(4825, 2, 4, 1, 236401012, 0),
(4826, 2, 4, 2, 236401012, 0),
(4827, 2, 5, 1, 236401012, 0),
(4828, 2, 5, 2, 236401012, 0),
(4829, 2, 6, 1, 236401012, 0),
(4830, 2, 6, 2, 236401012, 0),
(4831, 2, 7, 1, 236401012, 0),
(4832, 2, 7, 2, 236401012, 0),
(4833, 2, 8, 1, 236401012, 0),
(4834, 2, 8, 2, 236401012, 0),
(4835, 2, 9, 1, 236401012, 0),
(4836, 2, 9, 2, 236401012, 0),
(4837, 2, 10, 1, 236401012, 0),
(4838, 2, 10, 2, 236401012, 0),
(4839, 2, 11, 1, 236401012, 0),
(4840, 2, 11, 2, 236401012, 0),
(4841, 2, 12, 1, 236401012, 0),
(4842, 2, 12, 2, 236401012, 0),
(4843, 3, 1, 1, 236401012, 0),
(4844, 3, 1, 2, 236401012, 0),
(4845, 3, 2, 1, 236401012, 0),
(4846, 3, 2, 2, 236401012, 0),
(4847, 3, 3, 1, 236401012, 0),
(4848, 3, 3, 2, 236401012, 0),
(4849, 3, 4, 1, 236401012, 0),
(4850, 3, 4, 2, 236401012, 0),
(4851, 3, 5, 1, 236401012, 0),
(4852, 3, 5, 2, 236401012, 0),
(4853, 3, 6, 1, 236401012, 0),
(4854, 3, 6, 2, 236401012, 0),
(4855, 3, 7, 1, 236401012, 0),
(4856, 3, 7, 2, 236401012, 0),
(4857, 3, 8, 1, 236401012, 0),
(4858, 3, 8, 2, 236401012, 0),
(4859, 3, 9, 1, 236401012, 0),
(4860, 3, 9, 2, 236401012, 0),
(4861, 3, 10, 1, 236401012, 0),
(4862, 3, 10, 2, 236401012, 0),
(4863, 3, 11, 1, 236401012, 0),
(4864, 3, 11, 2, 236401012, 0),
(4865, 3, 12, 1, 236401012, 0),
(4866, 3, 12, 2, 236401012, 0),
(4867, 4, 1, 1, 236401012, 0),
(4868, 4, 1, 2, 236401012, 0),
(4869, 4, 2, 1, 236401012, 0),
(4870, 4, 2, 2, 236401012, 0),
(4871, 4, 3, 1, 236401012, 0),
(4872, 4, 3, 2, 236401012, 0),
(4873, 4, 4, 1, 236401012, 0),
(4874, 4, 4, 2, 236401012, 0),
(4875, 4, 5, 1, 236401012, 0),
(4876, 4, 5, 2, 236401012, 0),
(4877, 4, 6, 1, 236401012, 0),
(4878, 4, 6, 2, 236401012, 0),
(4879, 4, 7, 1, 236401012, 0),
(4880, 4, 7, 2, 236401012, 0),
(4881, 4, 8, 1, 236401012, 0),
(4882, 4, 8, 2, 236401012, 0),
(4883, 4, 9, 1, 236401012, 0),
(4884, 4, 9, 2, 236401012, 0),
(4885, 4, 10, 1, 236401012, 0),
(4886, 4, 10, 2, 236401012, 0),
(4887, 4, 11, 1, 236401012, 0),
(4888, 4, 11, 2, 236401012, 0),
(4889, 4, 12, 1, 236401012, 0),
(4890, 4, 12, 2, 236401012, 0),
(4891, 5, 1, 1, 236401012, 0),
(4892, 5, 1, 2, 236401012, 0),
(4893, 5, 2, 1, 236401012, 0),
(4894, 5, 2, 2, 236401012, 0),
(4895, 5, 3, 1, 236401012, 0),
(4896, 5, 3, 2, 236401012, 0),
(4897, 5, 4, 1, 236401012, 0),
(4898, 5, 4, 2, 236401012, 0),
(4899, 5, 5, 1, 236401012, 0),
(4900, 5, 5, 2, 236401012, 0),
(4901, 5, 6, 1, 236401012, 0),
(4902, 5, 6, 2, 236401012, 0),
(4903, 5, 7, 1, 236401012, 0),
(4904, 5, 7, 2, 236401012, 0),
(4905, 5, 8, 1, 236401012, 0),
(4906, 5, 8, 2, 236401012, 0),
(4907, 5, 9, 1, 236401012, 0),
(4908, 5, 9, 2, 236401012, 0),
(4909, 5, 10, 1, 236401012, 0),
(4910, 5, 10, 2, 236401012, 0),
(4911, 5, 11, 1, 236401012, 0),
(4912, 5, 11, 2, 236401012, 0),
(4913, 5, 12, 1, 236401012, 0),
(4914, 5, 12, 2, 236401012, 0),
(4915, 6, 1, 1, 236401012, 0),
(4916, 6, 1, 2, 236401012, 0),
(4917, 6, 2, 1, 236401012, 0),
(4918, 6, 2, 2, 236401012, 0),
(4919, 6, 3, 1, 236401012, 0),
(4920, 6, 3, 2, 236401012, 0),
(4921, 6, 4, 1, 236401012, 0),
(4922, 6, 4, 2, 236401012, 0),
(4923, 6, 5, 1, 236401012, 0),
(4924, 6, 5, 2, 236401012, 0),
(4925, 6, 6, 1, 236401012, 0),
(4926, 6, 6, 2, 236401012, 0),
(4927, 6, 7, 1, 236401012, 0),
(4928, 6, 7, 2, 236401012, 0),
(4929, 6, 8, 1, 236401012, 0),
(4930, 6, 8, 2, 236401012, 0),
(4931, 6, 9, 1, 236401012, 0),
(4932, 6, 9, 2, 236401012, 0),
(4933, 6, 10, 1, 236401012, 0),
(4934, 6, 10, 2, 236401012, 0),
(4935, 6, 11, 1, 236401012, 0),
(4936, 6, 11, 2, 236401012, 0),
(4937, 6, 12, 1, 236401012, 0),
(4938, 6, 12, 2, 236401012, 0),
(4939, 7, 1, 1, 236401012, 0),
(4940, 7, 1, 2, 236401012, 0),
(4941, 7, 2, 1, 236401012, 0),
(4942, 7, 2, 2, 236401012, 0),
(4943, 7, 3, 1, 236401012, 0),
(4944, 7, 3, 2, 236401012, 0),
(4945, 7, 4, 1, 236401012, 0),
(4946, 7, 4, 2, 236401012, 0),
(4947, 7, 5, 1, 236401012, 0),
(4948, 7, 5, 2, 236401012, 0),
(4949, 7, 6, 1, 236401012, 0),
(4950, 7, 6, 2, 236401012, 0),
(4951, 7, 7, 1, 236401012, 0),
(4952, 7, 7, 2, 236401012, 0),
(4953, 7, 8, 1, 236401012, 0),
(4954, 7, 8, 2, 236401012, 0),
(4955, 7, 9, 1, 236401012, 0),
(4956, 7, 9, 2, 236401012, 0),
(4957, 7, 10, 1, 236401012, 0),
(4958, 7, 10, 2, 236401012, 0),
(4959, 7, 11, 1, 236401012, 0),
(4960, 7, 11, 2, 236401012, 0),
(4961, 7, 12, 1, 236401012, 0),
(4962, 7, 12, 2, 236401012, 0),
(4963, 8, 1, 1, 236401012, 0),
(4964, 8, 1, 2, 236401012, 0),
(4965, 8, 2, 1, 236401012, 0),
(4966, 8, 2, 2, 236401012, 0),
(4967, 8, 3, 1, 236401012, 0),
(4968, 8, 3, 2, 236401012, 0),
(4969, 8, 4, 1, 236401012, 0),
(4970, 8, 4, 2, 236401012, 0),
(4971, 8, 5, 1, 236401012, 0),
(4972, 8, 5, 2, 236401012, 0),
(4973, 8, 6, 1, 236401012, 0),
(4974, 8, 6, 2, 236401012, 0),
(4975, 8, 7, 1, 236401012, 0),
(4976, 8, 7, 2, 236401012, 0),
(4977, 8, 8, 1, 236401012, 0),
(4978, 8, 8, 2, 236401012, 0),
(4979, 8, 9, 1, 236401012, 0),
(4980, 8, 9, 2, 236401012, 0),
(4981, 8, 10, 1, 236401012, 0),
(4982, 8, 10, 2, 236401012, 0),
(4983, 8, 11, 1, 236401012, 0),
(4984, 8, 11, 2, 236401012, 0),
(4985, 8, 12, 1, 236401012, 0),
(4986, 8, 12, 2, 236401012, 0),
(4987, 9, 1, 1, 236401012, 0),
(4988, 9, 1, 2, 236401012, 0),
(4989, 9, 2, 1, 236401012, 0),
(4990, 9, 2, 2, 236401012, 0),
(4991, 9, 3, 1, 236401012, 0),
(4992, 9, 3, 2, 236401012, 0),
(4993, 9, 4, 1, 236401012, 0),
(4994, 9, 4, 2, 236401012, 0),
(4995, 9, 5, 1, 236401012, 0),
(4996, 9, 5, 2, 236401012, 0),
(4997, 9, 6, 1, 236401012, 0),
(4998, 9, 6, 2, 236401012, 0),
(4999, 9, 7, 1, 236401012, 0),
(5000, 9, 7, 2, 236401012, 0),
(5001, 9, 8, 1, 236401012, 0),
(5002, 9, 8, 2, 236401012, 0),
(5003, 9, 9, 1, 236401012, 0),
(5004, 9, 9, 2, 236401012, 0),
(5005, 9, 10, 1, 236401012, 0),
(5006, 9, 10, 2, 236401012, 0),
(5007, 9, 11, 1, 236401012, 0),
(5008, 9, 11, 2, 236401012, 0),
(5009, 9, 12, 1, 236401012, 0),
(5010, 9, 12, 2, 236401012, 0),
(5011, 10, 1, 1, 236401001, 0),
(5012, 10, 1, 1, 236401002, 0),
(5013, 10, 1, 1, 236401003, 0),
(5014, 10, 1, 1, 236401004, 0),
(5015, 10, 1, 1, 236401005, 0),
(5016, 10, 1, 1, 236401006, 0),
(5017, 10, 1, 1, 236401007, 0),
(5018, 10, 1, 1, 236401008, 0),
(5019, 10, 1, 1, 236401009, 0),
(5020, 10, 1, 1, 236401010, 0),
(5021, 10, 1, 1, 236401011, 0),
(5022, 10, 2, 1, 236401001, 0),
(5023, 10, 2, 1, 236401002, 0),
(5024, 10, 2, 1, 236401003, 0),
(5025, 10, 2, 1, 236401004, 0),
(5026, 10, 2, 1, 236401005, 0),
(5027, 10, 2, 1, 236401006, 0),
(5028, 10, 2, 1, 236401007, 0),
(5029, 10, 2, 1, 236401008, 0),
(5030, 10, 2, 1, 236401009, 0),
(5031, 10, 2, 1, 236401010, 0),
(5032, 10, 2, 1, 236401011, 0),
(5033, 10, 3, 1, 236401001, 0),
(5034, 10, 3, 1, 236401002, 0),
(5035, 10, 3, 1, 236401003, 0),
(5036, 10, 3, 1, 236401004, 0),
(5037, 10, 3, 1, 236401005, 0),
(5038, 10, 3, 1, 236401006, 0),
(5039, 10, 3, 1, 236401007, 0),
(5040, 10, 3, 1, 236401008, 0),
(5041, 10, 3, 1, 236401009, 0),
(5042, 10, 3, 1, 236401010, 0),
(5043, 10, 3, 1, 236401011, 0),
(5044, 10, 4, 1, 236401001, 0),
(5045, 10, 4, 1, 236401002, 0),
(5046, 10, 4, 1, 236401003, 0),
(5047, 10, 4, 1, 236401004, 0),
(5048, 10, 4, 1, 236401005, 0),
(5049, 10, 4, 1, 236401006, 0),
(5050, 10, 4, 1, 236401007, 0),
(5051, 10, 4, 1, 236401008, 0),
(5052, 10, 4, 1, 236401009, 0),
(5053, 10, 4, 1, 236401010, 0),
(5054, 10, 4, 1, 236401011, 0),
(5055, 10, 5, 1, 236401001, 0),
(5056, 10, 5, 1, 236401002, 0),
(5057, 10, 5, 1, 236401003, 0),
(5058, 10, 5, 1, 236401004, 0),
(5059, 10, 5, 1, 236401005, 0),
(5060, 10, 5, 1, 236401006, 0),
(5061, 10, 5, 1, 236401007, 0),
(5062, 10, 5, 1, 236401008, 0),
(5063, 10, 5, 1, 236401009, 0),
(5064, 10, 5, 1, 236401010, 0),
(5065, 10, 5, 1, 236401011, 0),
(5066, 10, 6, 1, 236401001, 0),
(5067, 10, 6, 1, 236401002, 0),
(5068, 10, 6, 1, 236401003, 0),
(5069, 10, 6, 1, 236401004, 0),
(5070, 10, 6, 1, 236401005, 0),
(5071, 10, 6, 1, 236401006, 0),
(5072, 10, 6, 1, 236401007, 0),
(5073, 10, 6, 1, 236401008, 0),
(5074, 10, 6, 1, 236401009, 0),
(5075, 10, 6, 1, 236401010, 0),
(5076, 10, 6, 1, 236401011, 0),
(5077, 10, 7, 1, 236401001, 0),
(5078, 10, 7, 1, 236401002, 0),
(5079, 10, 7, 1, 236401003, 0),
(5080, 10, 7, 1, 236401004, 0),
(5081, 10, 7, 1, 236401005, 0),
(5082, 10, 7, 1, 236401006, 0),
(5083, 10, 7, 1, 236401007, 0),
(5084, 10, 7, 1, 236401008, 0),
(5085, 10, 7, 1, 236401009, 0),
(5086, 10, 7, 1, 236401010, 0),
(5087, 10, 7, 1, 236401011, 0),
(5088, 10, 8, 1, 236401001, 0),
(5089, 10, 8, 1, 236401002, 0),
(5090, 10, 8, 1, 236401003, 0),
(5091, 10, 8, 1, 236401004, 0),
(5092, 10, 8, 1, 236401005, 0),
(5093, 10, 8, 1, 236401006, 0),
(5094, 10, 8, 1, 236401007, 0),
(5095, 10, 8, 1, 236401008, 0),
(5096, 10, 8, 1, 236401009, 0),
(5097, 10, 8, 1, 236401010, 0),
(5098, 10, 8, 1, 236401011, 0),
(5099, 10, 9, 1, 236401001, 0),
(5100, 10, 9, 1, 236401002, 0),
(5101, 10, 9, 1, 236401003, 0),
(5102, 10, 9, 1, 236401004, 0),
(5103, 10, 9, 1, 236401005, 0),
(5104, 10, 9, 1, 236401006, 0),
(5105, 10, 9, 1, 236401007, 0),
(5106, 10, 9, 1, 236401008, 0),
(5107, 10, 9, 1, 236401009, 0),
(5108, 10, 9, 1, 236401010, 0),
(5109, 10, 9, 1, 236401011, 0),
(5110, 10, 10, 1, 236401001, 0),
(5111, 10, 10, 1, 236401002, 0),
(5112, 10, 10, 1, 236401003, 0),
(5113, 10, 10, 1, 236401004, 0),
(5114, 10, 10, 1, 236401005, 0),
(5115, 10, 10, 1, 236401006, 0),
(5116, 10, 10, 1, 236401007, 0),
(5117, 10, 10, 1, 236401008, 0),
(5118, 10, 10, 1, 236401009, 0),
(5119, 10, 10, 1, 236401010, 0),
(5120, 10, 10, 1, 236401011, 0),
(5121, 10, 11, 1, 236401001, 0),
(5122, 10, 11, 1, 236401002, 0),
(5123, 10, 11, 1, 236401003, 0),
(5124, 10, 11, 1, 236401004, 0),
(5125, 10, 11, 1, 236401005, 0),
(5126, 10, 11, 1, 236401006, 0),
(5127, 10, 11, 1, 236401007, 0),
(5128, 10, 11, 1, 236401008, 0),
(5129, 10, 11, 1, 236401009, 0),
(5130, 10, 11, 1, 236401010, 0),
(5131, 10, 11, 1, 236401011, 0),
(5132, 10, 12, 1, 236401001, 0),
(5133, 10, 12, 1, 236401002, 0),
(5134, 10, 12, 1, 236401003, 0),
(5135, 10, 12, 1, 236401004, 0),
(5136, 10, 12, 1, 236401005, 0),
(5137, 10, 12, 1, 236401006, 0),
(5138, 10, 12, 1, 236401007, 0),
(5139, 10, 12, 1, 236401008, 0),
(5140, 10, 12, 1, 236401009, 0),
(5141, 10, 12, 1, 236401010, 0),
(5142, 10, 12, 1, 236401011, 0),
(5143, 10, 1, 2, 236401001, 0),
(5144, 10, 1, 2, 236401002, 0),
(5145, 10, 1, 2, 236401003, 0),
(5146, 10, 1, 2, 236401004, 0),
(5147, 10, 1, 2, 236401005, 0),
(5148, 10, 1, 2, 236401006, 0),
(5149, 10, 1, 2, 236401007, 0),
(5150, 10, 1, 2, 236401008, 0),
(5151, 10, 1, 2, 236401009, 0),
(5152, 10, 1, 2, 236401010, 0),
(5153, 10, 1, 2, 236401011, 0),
(5154, 10, 2, 2, 236401001, 0),
(5155, 10, 2, 2, 236401002, 0),
(5156, 10, 2, 2, 236401003, 0),
(5157, 10, 2, 2, 236401004, 0),
(5158, 10, 2, 2, 236401005, 0),
(5159, 10, 2, 2, 236401006, 0),
(5160, 10, 2, 2, 236401007, 0),
(5161, 10, 2, 2, 236401008, 0),
(5162, 10, 2, 2, 236401009, 0),
(5163, 10, 2, 2, 236401010, 0),
(5164, 10, 2, 2, 236401011, 0),
(5165, 10, 3, 2, 236401001, 0),
(5166, 10, 3, 2, 236401002, 0),
(5167, 10, 3, 2, 236401003, 0),
(5168, 10, 3, 2, 236401004, 0),
(5169, 10, 3, 2, 236401005, 0),
(5170, 10, 3, 2, 236401006, 0),
(5171, 10, 3, 2, 236401007, 0),
(5172, 10, 3, 2, 236401008, 0),
(5173, 10, 3, 2, 236401009, 0),
(5174, 10, 3, 2, 236401010, 0),
(5175, 10, 3, 2, 236401011, 0),
(5176, 10, 4, 2, 236401001, 0),
(5177, 10, 4, 2, 236401002, 0),
(5178, 10, 4, 2, 236401003, 0),
(5179, 10, 4, 2, 236401004, 0),
(5180, 10, 4, 2, 236401005, 0),
(5181, 10, 4, 2, 236401006, 0),
(5182, 10, 4, 2, 236401007, 0),
(5183, 10, 4, 2, 236401008, 0),
(5184, 10, 4, 2, 236401009, 0),
(5185, 10, 4, 2, 236401010, 0),
(5186, 10, 4, 2, 236401011, 0),
(5187, 10, 5, 2, 236401001, 0),
(5188, 10, 5, 2, 236401002, 0),
(5189, 10, 5, 2, 236401003, 0),
(5190, 10, 5, 2, 236401004, 0),
(5191, 10, 5, 2, 236401005, 0),
(5192, 10, 5, 2, 236401006, 0),
(5193, 10, 5, 2, 236401007, 0),
(5194, 10, 5, 2, 236401008, 0),
(5195, 10, 5, 2, 236401009, 0),
(5196, 10, 5, 2, 236401010, 0),
(5197, 10, 5, 2, 236401011, 0),
(5198, 10, 6, 2, 236401001, 0),
(5199, 10, 6, 2, 236401002, 0),
(5200, 10, 6, 2, 236401003, 0),
(5201, 10, 6, 2, 236401004, 0),
(5202, 10, 6, 2, 236401005, 0),
(5203, 10, 6, 2, 236401006, 0),
(5204, 10, 6, 2, 236401007, 0),
(5205, 10, 6, 2, 236401008, 0),
(5206, 10, 6, 2, 236401009, 0),
(5207, 10, 6, 2, 236401010, 0),
(5208, 10, 6, 2, 236401011, 0),
(5209, 10, 7, 2, 236401001, 0),
(5210, 10, 7, 2, 236401002, 0),
(5211, 10, 7, 2, 236401003, 0),
(5212, 10, 7, 2, 236401004, 0),
(5213, 10, 7, 2, 236401005, 0),
(5214, 10, 7, 2, 236401006, 0),
(5215, 10, 7, 2, 236401007, 0),
(5216, 10, 7, 2, 236401008, 0),
(5217, 10, 7, 2, 236401009, 0),
(5218, 10, 7, 2, 236401010, 0),
(5219, 10, 7, 2, 236401011, 0),
(5220, 10, 8, 2, 236401001, 0),
(5221, 10, 8, 2, 236401002, 0),
(5222, 10, 8, 2, 236401003, 0),
(5223, 10, 8, 2, 236401004, 0),
(5224, 10, 8, 2, 236401005, 0),
(5225, 10, 8, 2, 236401006, 0),
(5226, 10, 8, 2, 236401007, 0),
(5227, 10, 8, 2, 236401008, 0),
(5228, 10, 8, 2, 236401009, 0),
(5229, 10, 8, 2, 236401010, 0),
(5230, 10, 8, 2, 236401011, 0),
(5231, 10, 9, 2, 236401001, 0),
(5232, 10, 9, 2, 236401002, 0),
(5233, 10, 9, 2, 236401003, 0),
(5234, 10, 9, 2, 236401004, 0),
(5235, 10, 9, 2, 236401005, 0),
(5236, 10, 9, 2, 236401006, 0),
(5237, 10, 9, 2, 236401007, 0),
(5238, 10, 9, 2, 236401008, 0),
(5239, 10, 9, 2, 236401009, 0),
(5240, 10, 9, 2, 236401010, 0),
(5241, 10, 9, 2, 236401011, 0),
(5242, 10, 10, 2, 236401001, 0),
(5243, 10, 10, 2, 236401002, 0),
(5244, 10, 10, 2, 236401003, 0),
(5245, 10, 10, 2, 236401004, 0),
(5246, 10, 10, 2, 236401005, 0),
(5247, 10, 10, 2, 236401006, 0),
(5248, 10, 10, 2, 236401007, 0),
(5249, 10, 10, 2, 236401008, 0),
(5250, 10, 10, 2, 236401009, 0),
(5251, 10, 10, 2, 236401010, 0),
(5252, 10, 10, 2, 236401011, 0),
(5253, 10, 11, 2, 236401001, 0),
(5254, 10, 11, 2, 236401002, 0),
(5255, 10, 11, 2, 236401003, 0),
(5256, 10, 11, 2, 236401004, 0),
(5257, 10, 11, 2, 236401005, 0),
(5258, 10, 11, 2, 236401006, 0),
(5259, 10, 11, 2, 236401007, 0),
(5260, 10, 11, 2, 236401008, 0),
(5261, 10, 11, 2, 236401009, 0),
(5262, 10, 11, 2, 236401010, 0),
(5263, 10, 11, 2, 236401011, 0),
(5264, 10, 12, 2, 236401001, 0),
(5265, 10, 12, 2, 236401002, 0),
(5266, 10, 12, 2, 236401003, 0),
(5267, 10, 12, 2, 236401004, 0),
(5268, 10, 12, 2, 236401005, 0),
(5269, 10, 12, 2, 236401006, 0),
(5270, 10, 12, 2, 236401007, 0),
(5271, 10, 12, 2, 236401008, 0),
(5272, 10, 12, 2, 236401009, 0),
(5273, 10, 12, 2, 236401010, 0),
(5274, 10, 12, 2, 236401011, 0);

-- --------------------------------------------------------

--
-- Table structure for table `tb_ortu`
--

CREATE TABLE `tb_ortu` (
  `nis` int NOT NULL,
  `username` varchar(50) NOT NULL,
  `password` varchar(250) NOT NULL,
  `nama` varchar(25) NOT NULL
) ENGINE=InnoDB DEFAULT CHARSET=utf8mb4 COLLATE=utf8mb4_0900_ai_ci;

--
-- Dumping data for table `tb_ortu`
--

INSERT INTO `tb_ortu` (`nis`, `username`, `password`, `nama`) VALUES
(22548568, 'erik', '25d55ad283aa400af464c76d713c07ad', 'Erik'),
(236401001, 'lala', '25d55ad283aa400af464c76d713c07ad', 'Rere');

-- --------------------------------------------------------

--
-- Table structure for table `tb_prestasi`
--

CREATE TABLE `tb_prestasi` (
  `id` int NOT NULL,
  `nis` int NOT NULL,
  `semester` int NOT NULL,
  `prestasi1` varchar(50) NOT NULL,
  `prestasi2` varchar(50) NOT NULL,
  `prestasi3` varchar(50) NOT NULL,
  `keterangan1` varchar(50) NOT NULL,
  `keterangan2` varchar(50) NOT NULL,
  `keterangan3` varchar(50) NOT NULL
) ENGINE=InnoDB DEFAULT CHARSET=utf8mb4 COLLATE=utf8mb4_0900_ai_ci;

--
-- Dumping data for table `tb_prestasi`
--

INSERT INTO `tb_prestasi` (`id`, `nis`, `semester`, `prestasi1`, `prestasi2`, `prestasi3`, `keterangan1`, `keterangan2`, `keterangan3`) VALUES
(1, 236401001, 1, '-', '-', '-', '-', '-', '-'),
(2, 236401001, 2, '-', '-', '-', '-', '-', '-'),
(3, 236401002, 1, '-', '-', '-', '-', '-', '-'),
(4, 236401002, 2, '-', '-', '-', '-', '-', '-'),
(5, 236401003, 1, '-', '-', '-', '-', '-', '-'),
(6, 236401003, 2, '-', '-', '-', '-', '-', '-'),
(7, 236401004, 1, '-', '-', '-', '-', '-', '-'),
(8, 236401004, 2, '-', '-', '-', '-', '-', '-'),
(9, 236401005, 1, '-', '-', '-', '-', '-', '-'),
(10, 236401005, 2, '-', '-', '-', '-', '-', '-'),
(11, 236401006, 1, '-', '-', '-', '-', '-', '-'),
(12, 236401006, 2, '-', '-', '-', '-', '-', '-'),
(13, 236401007, 1, '-', '-', '-', '-', '-', '-'),
(14, 236401007, 2, '-', '-', '-', '-', '-', '-'),
(15, 236401008, 1, '-', '-', '-', '-', '-', '-'),
(16, 236401008, 2, '-', '-', '-', '-', '-', '-'),
(17, 11223344, 1, '-', '-', '-', '-', '-', '-'),
(18, 11223344, 2, '-', '-', '-', '-', '-', '-'),
(19, 22548568, 1, '-', '-', '-', '-', '-', '-'),
(20, 22548568, 2, '-', '-', '-', '-', '-', '-'),
(21, 236401009, 1, '-', '-', '-', '-', '-', '-'),
(22, 236401009, 2, '-', '-', '-', '-', '-', '-'),
(23, 236401010, 1, '-', '-', '-', '-', '-', '-'),
(24, 236401010, 2, '-', '-', '-', '-', '-', '-'),
(25, 236401011, 1, '-', '-', '-', '-', '-', '-'),
(26, 236401011, 2, '-', '-', '-', '-', '-', '-'),
(27, 236401012, 1, '-', '-', '-', '-', '-', '-'),
(28, 236401012, 2, '-', '-', '-', '-', '-', '-'),
(29, 236401012, 1, '-', '-', '-', '-', '-', '-'),
(30, 236401012, 2, '-', '-', '-', '-', '-', '-'),
(31, 236401012, 1, '-', '-', '-', '-', '-', '-'),
(32, 236401012, 2, '-', '-', '-', '-', '-', '-');

-- --------------------------------------------------------

--
-- Table structure for table `tb_ps`
--

CREATE TABLE `tb_ps` (
  `id_ps` int NOT NULL,
  `id_rombel` int NOT NULL,
  `nama_ps` varchar(50) NOT NULL,
  `username` varchar(50) NOT NULL,
  `password` varchar(250) NOT NULL
) ENGINE=InnoDB DEFAULT CHARSET=utf8mb4 COLLATE=utf8mb4_0900_ai_ci;

--
-- Dumping data for table `tb_ps`
--

INSERT INTO `tb_ps` (`id_ps`, `id_rombel`, `nama_ps`, `username`, `password`) VALUES
(1, 1, 'Jamaludin', 'ps', '25d55ad283aa400af464c76d713c07ad'),
(3, 2, 'Joko', 'joko', '25d55ad283aa400af464c76d713c07ad'),
(6, 3, 'Johar', 'johar', '25d55ad283aa400af464c76d713c07ad');

-- --------------------------------------------------------

--
-- Table structure for table `tb_rayon`
--

CREATE TABLE `tb_rayon` (
  `id_rayon` int NOT NULL,
  `rayon` varchar(50) NOT NULL
) ENGINE=InnoDB DEFAULT CHARSET=utf8mb4 COLLATE=utf8mb4_0900_ai_ci;

--
-- Dumping data for table `tb_rayon`
--

INSERT INTO `tb_rayon` (`id_rayon`, `rayon`) VALUES
(1, 'Cisarua 1'),
(2, 'Cisarua 2'),
(3, 'Cisarua 3'),
(4, 'Cisarua 4'),
(5, 'Cibedug 1'),
(6, 'Cibedug 2'),
(7, 'Cibedug 3');

-- --------------------------------------------------------

--
-- Table structure for table `tb_rombel`
--

CREATE TABLE `tb_rombel` (
  `id_rombel` int NOT NULL,
  `rombel` varchar(50) NOT NULL
) ENGINE=InnoDB DEFAULT CHARSET=utf8mb4 COLLATE=utf8mb4_0900_ai_ci;

--
-- Dumping data for table `tb_rombel`
--

INSERT INTO `tb_rombel` (`id_rombel`, `rombel`) VALUES
(1, 'TKJ X - 1'),
(2, 'TKJ X - 2'),
(3, 'TKR X - 1'),
(4, 'TKR X - 2'),
(5, 'PBS X - 1'),
(6, 'PBS X - 2'),
(7, 'AK X - 1'),
(8, 'AK X -2');

-- --------------------------------------------------------

--
-- Table structure for table `tb_semester`
--

CREATE TABLE `tb_semester` (
  `id_semester` int NOT NULL,
  `semester` int NOT NULL
) ENGINE=InnoDB DEFAULT CHARSET=utf8mb4 COLLATE=utf8mb4_0900_ai_ci;

--
-- Dumping data for table `tb_semester`
--

INSERT INTO `tb_semester` (`id_semester`, `semester`) VALUES
(1, 1),
(2, 2);

-- --------------------------------------------------------

--
-- Table structure for table `tb_siswa`
--

CREATE TABLE `tb_siswa` (
  `nis` int NOT NULL,
  `id_rombel` int NOT NULL,
  `nama` varchar(50) NOT NULL,
  `username` varchar(50) NOT NULL,
  `password` varchar(250) NOT NULL
) ENGINE=InnoDB DEFAULT CHARSET=utf8mb4 COLLATE=utf8mb4_0900_ai_ci;

--
-- Dumping data for table `tb_siswa`
--

INSERT INTO `tb_siswa` (`nis`, `id_rombel`, `nama`, `username`, `password`) VALUES
(22548568, 1, 'M. Sodikin', '2254256', '25d55ad283aa400af464c76d713c07ad'),
(236401001, 1, 'Radit Hutasoit', '236401001', 'b5422233d72e65b439216c6f391e7c0c'),
(236401002, 2, 'Jaswadi Mustika Sirait', '236401002', '19161110aba7cd2f05e05b738aaac7f7'),
(236401003, 3, 'Sabrina Aryani', '236401003', 'fce8ea78426526e95640b05409568502'),
(236401004, 4, 'Jarwi Umar Rajasa', '236401004', 'cdcafaabba1c7f524c23b52b0d7c847c'),
(236401005, 5, 'Rosman Lulut Budiyanto', '236401005', 'a7fce6d6daf95a4d7de3751b7d004202'),
(236401006, 6, 'Hardana Laswi Hakim', '236401006', '13a4c23822d427cd73c993f0fe6dc1f9'),
(236401007, 7, 'Tirtayasa Maulana', '236401007', '04398ff0c770f3ccb7853134c4d7ab0a'),
(236401008, 8, 'Lala Nasyidah', '236401008', '5ffd2498da5900945ce0635ba7d9d4df'),
(236401010, 3, 'Heru', '236401010', '25d55ad283aa400af464c76d713c07ad'),
(236401012, 3, 'Erhan', '236401012', '25d55ad283aa400af464c76d713c07ad');

-- --------------------------------------------------------

--
-- Table structure for table `tb_tu`
--

CREATE TABLE `tb_tu` (
  `id_tu` int NOT NULL,
  `username` varchar(50) NOT NULL,
  `password` varchar(250) NOT NULL,
  `nama` varchar(50) DEFAULT NULL
) ENGINE=InnoDB DEFAULT CHARSET=utf8mb4 COLLATE=utf8mb4_0900_ai_ci;

--
-- Dumping data for table `tb_tu`
--

INSERT INTO `tb_tu` (`id_tu`, `username`, `password`, `nama`) VALUES
(1, 'tu', '25d55ad283aa400af464c76d713c07ad', 'Ikbal'),
(2, 'reza', '25d55ad283aa400af464c76d713c07ad', 'reza');

-- --------------------------------------------------------

--
-- Table structure for table `tb_upd`
--

CREATE TABLE `tb_upd` (
  `id` int NOT NULL,
  `nis` int NOT NULL,
  `semester` int NOT NULL,
  `upd1` varchar(50) NOT NULL,
  `upd2` varchar(50) NOT NULL,
  `nilai1` varchar(1) NOT NULL,
  `nilai2` varchar(1) NOT NULL
) ENGINE=InnoDB DEFAULT CHARSET=utf8mb4 COLLATE=utf8mb4_0900_ai_ci;

--
-- Dumping data for table `tb_upd`
--

INSERT INTO `tb_upd` (`id`, `nis`, `semester`, `upd1`, `upd2`, `nilai1`, `nilai2`) VALUES
(17, 236401001, 1, '-', '-', '-', '-'),
(18, 236401001, 2, '-', '-', '-', '-'),
(19, 236401002, 1, '-', '-', '-', '-'),
(20, 236401002, 2, '-', '-', '-', '-'),
(21, 236401003, 1, '-', '-', '-', '-'),
(22, 236401003, 2, '-', '-', '-', '-'),
(23, 236401004, 1, '-', '-', '-', '-'),
(24, 236401004, 2, '-', '-', '-', '-'),
(25, 236401005, 1, '-', '-', '-', '-'),
(26, 236401005, 2, '-', '-', '-', '-'),
(27, 236401006, 1, '-', '-', '-', '-'),
(28, 236401006, 2, '-', '-', '-', '-'),
(29, 236401007, 1, '-', '-', '-', '-'),
(30, 236401007, 2, '-', '-', '-', '-'),
(31, 236401008, 1, '-', '-', '-', '-'),
(32, 236401008, 2, '-', '-', '-', '-'),
(33, 11223344, 1, '-', '-', '-', '-'),
(34, 11223344, 2, '-', '-', '-', '-'),
(35, 22548568, 1, '-', '-', '-', '-'),
(36, 22548568, 2, '-', '-', '-', '-'),
(37, 236401009, 1, 'Paskibra', '-', 'A', '-'),
(38, 236401009, 2, '-', '-', '-', '-'),
(39, 236401010, 1, '-', '-', '-', '-'),
(40, 236401010, 2, '-', '-', '-', '-'),
(41, 236401011, 1, '-', '-', '-', '-'),
(42, 236401011, 2, '-', '-', '-', '-'),
(43, 236401012, 1, '-', '-', '-', '-'),
(44, 236401012, 2, '-', '-', '-', '-'),
(45, 236401012, 1, '-', '-', '-', '-'),
(46, 236401012, 2, '-', '-', '-', '-'),
(47, 236401012, 1, '-', '-', '-', '-'),
(48, 236401012, 2, '-', '-', '-', '-');

--
-- Indexes for dumped tables
--

--
-- Indexes for table `tb_absensi`
--
ALTER TABLE `tb_absensi`
  ADD PRIMARY KEY (`id`);

--
-- Indexes for table `tb_guru_mapel`
--
ALTER TABLE `tb_guru_mapel`
  ADD PRIMARY KEY (`id_guru_mapel`);

--
-- Indexes for table `tb_jenis`
--
ALTER TABLE `tb_jenis`
  ADD PRIMARY KEY (`id_jenis`);

--
-- Indexes for table `tb_jenisupd`
--
ALTER TABLE `tb_jenisupd`
  ADD PRIMARY KEY (`id_upd`);

--
-- Indexes for table `tb_jenpel`
--
ALTER TABLE `tb_jenpel`
  ADD PRIMARY KEY (`id_jenpel`);

--
-- Indexes for table `tb_kategori`
--
ALTER TABLE `tb_kategori`
  ADD PRIMARY KEY (`id_kategori`);

--
-- Indexes for table `tb_kepsek`
--
ALTER TABLE `tb_kepsek`
  ADD PRIMARY KEY (`id_kepsek`);

--
-- Indexes for table `tb_mapel`
--
ALTER TABLE `tb_mapel`
  ADD PRIMARY KEY (`id_mapel`);

--
-- Indexes for table `tb_nilai`
--
ALTER TABLE `tb_nilai`
  ADD PRIMARY KEY (`id`);

--
-- Indexes for table `tb_ortu`
--
ALTER TABLE `tb_ortu`
  ADD PRIMARY KEY (`nis`);

--
-- Indexes for table `tb_prestasi`
--
ALTER TABLE `tb_prestasi`
  ADD PRIMARY KEY (`id`);

--
-- Indexes for table `tb_ps`
--
ALTER TABLE `tb_ps`
  ADD PRIMARY KEY (`id_ps`);

--
-- Indexes for table `tb_rayon`
--
ALTER TABLE `tb_rayon`
  ADD PRIMARY KEY (`id_rayon`);

--
-- Indexes for table `tb_rombel`
--
ALTER TABLE `tb_rombel`
  ADD PRIMARY KEY (`id_rombel`);

--
-- Indexes for table `tb_semester`
--
ALTER TABLE `tb_semester`
  ADD PRIMARY KEY (`id_semester`);

--
-- Indexes for table `tb_siswa`
--
ALTER TABLE `tb_siswa`
  ADD PRIMARY KEY (`nis`);

--
-- Indexes for table `tb_tu`
--
ALTER TABLE `tb_tu`
  ADD PRIMARY KEY (`id_tu`);

--
-- Indexes for table `tb_upd`
--
ALTER TABLE `tb_upd`
  ADD PRIMARY KEY (`id`);

--
-- AUTO_INCREMENT for dumped tables
--

--
-- AUTO_INCREMENT for table `tb_absensi`
--
ALTER TABLE `tb_absensi`
  MODIFY `id` int NOT NULL AUTO_INCREMENT, AUTO_INCREMENT=39;

--
-- AUTO_INCREMENT for table `tb_guru_mapel`
--
ALTER TABLE `tb_guru_mapel`
  MODIFY `id_guru_mapel` int NOT NULL AUTO_INCREMENT, AUTO_INCREMENT=7;

--
-- AUTO_INCREMENT for table `tb_jenis`
--
ALTER TABLE `tb_jenis`
  MODIFY `id_jenis` int NOT NULL AUTO_INCREMENT, AUTO_INCREMENT=13;

--
-- AUTO_INCREMENT for table `tb_jenisupd`
--
ALTER TABLE `tb_jenisupd`
  MODIFY `id_upd` int NOT NULL AUTO_INCREMENT, AUTO_INCREMENT=6;

--
-- AUTO_INCREMENT for table `tb_jenpel`
--
ALTER TABLE `tb_jenpel`
  MODIFY `id_jenpel` int NOT NULL AUTO_INCREMENT, AUTO_INCREMENT=4;

--
-- AUTO_INCREMENT for table `tb_kategori`
--
ALTER TABLE `tb_kategori`
  MODIFY `id_kategori` int NOT NULL AUTO_INCREMENT, AUTO_INCREMENT=3;

--
-- AUTO_INCREMENT for table `tb_kepsek`
--
ALTER TABLE `tb_kepsek`
  MODIFY `id_kepsek` int NOT NULL AUTO_INCREMENT, AUTO_INCREMENT=2;

--
-- AUTO_INCREMENT for table `tb_mapel`
--
ALTER TABLE `tb_mapel`
  MODIFY `id_mapel` int NOT NULL AUTO_INCREMENT, AUTO_INCREMENT=11;

--
-- AUTO_INCREMENT for table `tb_nilai`
--
ALTER TABLE `tb_nilai`
  MODIFY `id` int NOT NULL AUTO_INCREMENT, AUTO_INCREMENT=5275;

--
-- AUTO_INCREMENT for table `tb_prestasi`
--
ALTER TABLE `tb_prestasi`
  MODIFY `id` int NOT NULL AUTO_INCREMENT, AUTO_INCREMENT=33;

--
-- AUTO_INCREMENT for table `tb_ps`
--
ALTER TABLE `tb_ps`
  MODIFY `id_ps` int NOT NULL AUTO_INCREMENT, AUTO_INCREMENT=7;

--
-- AUTO_INCREMENT for table `tb_rayon`
--
ALTER TABLE `tb_rayon`
  MODIFY `id_rayon` int NOT NULL AUTO_INCREMENT, AUTO_INCREMENT=8;

--
-- AUTO_INCREMENT for table `tb_rombel`
--
ALTER TABLE `tb_rombel`
  MODIFY `id_rombel` int NOT NULL AUTO_INCREMENT, AUTO_INCREMENT=9;

--
-- AUTO_INCREMENT for table `tb_semester`
--
ALTER TABLE `tb_semester`
  MODIFY `id_semester` int NOT NULL AUTO_INCREMENT, AUTO_INCREMENT=6;

--
-- AUTO_INCREMENT for table `tb_tu`
--
ALTER TABLE `tb_tu`
  MODIFY `id_tu` int NOT NULL AUTO_INCREMENT, AUTO_INCREMENT=3;

--
-- AUTO_INCREMENT for table `tb_upd`
--
ALTER TABLE `tb_upd`
  MODIFY `id` int NOT NULL AUTO_INCREMENT, AUTO_INCREMENT=49;
COMMIT;

/*!40101 SET CHARACTER_SET_CLIENT=@OLD_CHARACTER_SET_CLIENT */;
/*!40101 SET CHARACTER_SET_RESULTS=@OLD_CHARACTER_SET_RESULTS */;
/*!40101 SET COLLATION_CONNECTION=@OLD_COLLATION_CONNECTION */;
